player,ta_id,player_name,svc_matches,svc_aces_per_game,svc_dfs_per_game,svc_ace_to_df_ratio,svc_first_serve_pct,svc_first_serve_win_pct,svc_second_serve_win_pct,svc_service_pts_win_pct,svc_bp_save_pct,svc_hold_pct,tour,window,surface,ret_matches,ret_opp_aces_per_game,ret_opp_dfs_per_game,ret_opp_first_serve_pct,ret_first_return_win_pct,ret_second_return_win_pct,ret_return_pts_win_pct,ret_bp_win_pct,ret_opp_hold_pct
156914,61864,Dino Prižmić,7.0,0.379746835443038,0.26582278481012656,1.4285714285714286,0.573170731707317,0.7092198581560284,0.5571428571428572,0.6443089430894309,0.6129032258064516,0.8481012658227848,ATP,12 month,clay,7.0,0.10975609756097561,0.2682926829268293,0.6148936170212767,0.33217993079584773,0.5524861878453038,0.4170212765957447,0.4523809523809524,0.7682926829268293
156916,5983,Damir Džumhur,3.0,0.08823529411764706,0.11764705882352941,0.75,0.7102803738317757,0.6118421052631579,0.45161290322580644,0.5654205607476636,0.5,0.6764705882352942,ATP,12 month,clay,3.0,0.24242424242424243,0.21212121212121213,0.6751269035532995,0.26315789473684215,0.4375,0.31979695431472077,0.5555555555555556,0.8484848484848485
156921,52288,Vit Kopřiva,8.0,0.29213483146067415,0.29213483146067415,1.0,0.6384479717813051,0.7209944751381215,0.4975609756097561,0.6402116402116402,0.7631578947368421,0.898876404494382,ATP,12 month,clay,8.0,0.3448275862068966,0.21839080459770116,0.6112054329371817,0.30833333333333335,0.519650655021834,0.3904923599320883,0.4090909090909091,0.7931034482758621
156968,54382,Chun-Hsin Tseng,1.0,0.18181818181818182,0.36363636363636365,0.5,0.6166666666666667,0.6756756756756757,0.4782608695652174,0.6,0.6666666666666666,0.9090909090909091,ATP,12 month,clay,1.0,0.7,0.4,0.6588235294117647,0.3214285714285714,0.48275862068965514,0.3764705882352941,0.0,1.0
157014,232,Igor Marcondes,3.0,0.6,0.2857142857142857,2.1,0.6611570247933884,0.73125,0.5487804878048781,0.6694214876033058,0.8888888888888888,0.9428571428571428,ATP,12 month,clay,3.0,0.2702702702702703,0.21621621621621623,0.6413502109704642,0.3092105263157895,0.48235294117647054,0.37130801687763715,0.14285714285714285,0.918918918918919
24536,5568,Dusan Lajovic,5.0,0.38333333333333336,0.11666666666666667,3.2857142857142856,0.6835106382978723,0.6809338521400778,0.4369747899159664,0.6037234042553191,0.5384615384615384,0.8,ATP,12 month,clay,5.0,0.4827586206896552,0.1896551724137931,0.720873786407767,0.3164983164983165,0.5652173913043479,0.38592233009708743,0.30303030303030304,0.8275862068965517
24821,5853,Yannick Hanfmann,7.0,0.4805194805194805,0.19480519480519481,2.466666666666667,0.6235294117647059,0.720125786163522,0.5416666666666666,0.6529411764705882,0.6060606060606061,0.8311688311688312,ATP,12 month,clay,7.0,0.3670886075949367,0.26582278481012656,0.7071713147410359,0.352112676056338,0.5510204081632653,0.41035856573705176,0.4358974358974359,0.7848101265822784
24862,5894,Andrea Collarini,1.0,0.23529411764705882,0.11764705882352941,2.0,0.6692307692307692,0.7241379310344828,0.5116279069767442,0.6538461538461539,0.625,0.8235294117647058,ATP,12 month,clay,1.0,0.5294117647058824,0.23529411764705882,0.6666666666666666,0.26136363636363635,0.4545454545454546,0.3257575757575758,0.2857142857142857,0.8823529411764706
24899,5931,Federico Coria,1.0,0.08333333333333333,0.08333333333333333,1.0,0.6601941747572816,0.5441176470588235,0.5428571428571428,0.5436893203883495,0.7272727272727273,0.75,ATP,12 month,clay,1.0,0.3333333333333333,0.16666666666666666,0.7121212121212122,0.23404255319148937,0.368421052631579,0.2727272727272727,0.5,0.9166666666666666
24995,6027,Nicolas Kicker,1.0,0.3333333333333333,0.1111111111111111,3.0,0.6666666666666666,0.65,0.4,0.5666666666666667,0.625,0.6666666666666666,ATP,12 month,clay,1.0,0.8888888888888888,0.0,0.7454545454545455,0.2682926829268293,0.2142857142857143,0.2545454545454545,0.0,1.0
25008,6040,Facundo Mena,1.0,0.4166666666666667,0.25,1.6666666666666667,0.6626506024096386,0.7454545454545455,0.5357142857142857,0.6746987951807228,0.6666666666666666,0.9166666666666666,ATP,12 month,clay,1.0,0.3333333333333333,0.5833333333333334,0.5945945945945946,0.15909090909090906,0.43333333333333335,0.2702702702702703,1.0,0.9166666666666666
25016,6048,Marco Cecchinato,2.0,0.125,0.041666666666666664,3.0,0.6962025316455697,0.6272727272727273,0.625,0.6265822784810127,0.6666666666666666,0.8333333333333334,ATP,12 month,clay,2.0,0.5416666666666666,0.2916666666666667,0.6708860759493671,0.2735849056603774,0.5961538461538461,0.379746835443038,0.35714285714285715,0.7916666666666666
25113,6145,Franco Agamenone,1.0,0.5,0.375,1.3333333333333333,0.660377358490566,0.4857142857142857,0.5555555555555556,0.5094339622641509,0.5,0.5,ATP,12 month,clay,1.0,0.375,0.0,0.6875,0.21212121212121215,0.4,0.27083333333333337,0.0,1.0
25149,6181,Hugo Dellien,7.0,0.19696969696969696,0.09090909090909091,2.1666666666666665,0.7817745803357314,0.647239263803681,0.5714285714285714,0.6306954436450839,0.6176470588235294,0.803030303030303,ATP,12 month,clay,7.0,0.21428571428571427,0.15714285714285714,0.649616368286445,0.3385826771653543,0.5401459854014599,0.40920716112531974,0.48717948717948717,0.7285714285714285
25280,6312,Thiago Monteiro,6.0,0.47619047619047616,0.15873015873015872,3.0,0.6814814814814815,0.6920289855072463,0.43410852713178294,0.6098765432098765,0.6470588235294118,0.8095238095238095,ATP,12 month,clay,6.0,0.6557377049180327,0.2459016393442623,0.6699029126213593,0.30797101449275366,0.5220588235294117,0.3786407766990292,0.4,0.7704918032786885
25377,6409,Cristian Garin,3.0,0.2564102564102564,0.3333333333333333,0.7692307692307693,0.6259842519685039,0.6855345911949685,0.4105263157894737,0.5826771653543307,0.5714285714285714,0.7692307692307693,ATP,12 month,clay,3.0,0.4,0.15,0.6627906976744186,0.368421052631579,0.48275862068965514,0.40697674418604646,0.15384615384615385,0.9
30463,11477,Laslo Djere,1.0,0.3333333333333333,0.3333333333333333,1.0,0.6229508196721312,0.631578947368421,0.43478260869565216,0.5573770491803278,0.6666666666666666,0.6666666666666666,ATP,12 month,clay,1.0,0.2222222222222222,0.1111111111111111,0.6956521739130435,0.125,0.3571428571428571,0.19565217391304346,0.0,1.0
30747,11761,Nicolas Jarry,2.0,0.3125,0.125,2.5,0.7351351351351352,0.6470588235294118,0.4897959183673469,0.6054054054054054,0.4166666666666667,0.78125,ATP,12 month,clay,2.0,0.43333333333333335,0.3,0.546875,0.2571428571428571,0.4022988505747126,0.32291666666666663,0.5,0.8666666666666667
42705,23687,Daniel Elahi Galan,5.0,0.25806451612903225,0.2903225806451613,0.8888888888888888,0.6352040816326531,0.6827309236947792,0.44755244755244755,0.5969387755102041,0.37037037037037035,0.7258064516129032,ATP,12 month,clay,5.0,0.3,0.2,0.5804749340369393,0.2909090909090909,0.46540880503144655,0.3641160949868074,0.52,0.7833333333333333
43029,24011,Pedro Martinez,5.0,0.1016949152542373,0.288135593220339,0.35294117647058826,0.6731301939058172,0.6995884773662552,0.4067796610169492,0.6038781163434903,0.5217391304347826,0.8135593220338984,ATP,12 month,clay,5.0,0.49122807017543857,0.22807017543859648,0.6613756613756614,0.348,0.5625,0.4206349206349206,0.5454545454545454,0.6842105263157895
45147,126197,Orlando Luz,1.0,0.1111111111111111,0.3333333333333333,0.3333333333333333,0.5882352941176471,0.7,0.38095238095238093,0.5686274509803921,0.5,0.7777777777777778,ATP,12 month,clay,1.0,0.375,0.375,0.6785714285714286,0.23684210526315785,0.2777777777777778,0.25,0.0,1.0
45164,26117,Alejandro Tabilo,11.0,0.4148148148148148,0.07407407407407407,5.6,0.6731016731016731,0.762906309751434,0.562992125984252,0.6975546975546976,0.5882352941176471,0.8962962962962963,ATP,12 month,clay,11.0,0.5072463768115942,0.18840579710144928,0.6562150055991042,0.32764505119453924,0.495114006514658,0.38521836506159013,0.39436619718309857,0.7971014492753623
45454,26407,Andrea Pellegrino,9.0,0.2897196261682243,0.21495327102803738,1.3478260869565217,0.5636363636363636,0.7419354838709677,0.5347222222222222,0.6515151515151515,0.6904761904761905,0.8785046728971962,ATP,12 month,clay,9.0,0.6057692307692307,0.27884615384615385,0.5806010928961749,0.28,0.5472312703583062,0.3920765027322405,0.41509433962264153,0.7884615384615384
45560,26514,Matteo Berrettini,6.0,0.4647887323943662,0.15492957746478872,3.0,0.684964200477327,0.7456445993031359,0.5227272727272727,0.6754176610978521,0.6896551724137931,0.8732394366197183,ATP,12 month,clay,6.0,0.25,0.08823529411764706,0.680672268907563,0.3271604938271605,0.4276315789473685,0.35924369747899154,0.2727272727272727,0.8676470588235294
46107,27059,Daniel Altmaier,2.0,0.5263157894736842,0.3157894736842105,1.6666666666666667,0.6551724137931034,0.631578947368421,0.38,0.5448275862068965,0.6875,0.7368421052631579,ATP,12 month,clay,2.0,0.10526315789473684,0.05263157894736842,0.7903225806451613,0.23469387755102045,0.5384615384615384,0.2983870967741935,0.3333333333333333,0.9473684210526315
63551,44483,Tomas Barrios Vera,6.0,0.16129032258064516,0.14516129032258066,1.1111111111111112,0.6329113924050633,0.612,0.4827586206896552,0.5645569620253165,0.5675675675675675,0.7419354838709677,ATP,12 month,clay,6.0,0.5901639344262295,0.18032786885245902,0.6209677419354839,0.2857142857142857,0.43971631205673756,0.34408602150537637,0.3448275862068966,0.8360655737704918
63730,44662,Genaro Alberto Olivieri,1.0,0.2222222222222222,0.0,,0.8,0.5555555555555556,0.0,0.4444444444444444,0.375,0.4444444444444444,ATP,12 month,clay,1.0,0.25,0.0,0.8727272727272727,0.4375,0.2857142857142857,0.4181818181818182,0.5,0.75
63777,44709,Tomas Martin Etcheverry,9.0,0.5966386554621849,0.11764705882352941,5.071428571428571,0.6450331125827815,0.7330595482546202,0.5074626865671642,0.6529801324503312,0.5897435897435898,0.865546218487395,ATP,12 month,clay,9.0,0.423728813559322,0.1864406779661017,0.6613333333333333,0.28629032258064513,0.4921259842519685,0.356,0.38636363636363635,0.8559322033898306
63881,44813,Santiago Fa Rodriguez Taverna,1.0,0.3333333333333333,0.4444444444444444,0.75,0.5714285714285714,0.6,0.4666666666666667,0.5428571428571428,0.6666666666666666,0.6666666666666666,ATP,12 month,clay,1.0,0.1111111111111111,0.0,0.6666666666666666,0.21875,0.3125,0.25,,1.0
71327,52164,Camilo Ugo Carabelli,5.0,0.19607843137254902,0.35294117647058826,0.5555555555555556,0.6385869565217391,0.6297872340425532,0.49624060150375937,0.5815217391304348,0.6764705882352942,0.7843137254901961,ATP,12 month,clay,5.0,0.2653061224489796,0.2653061224489796,0.656441717791411,0.3271028037383178,0.4642857142857143,0.3742331288343558,0.47619047619047616,0.7959183673469388
71546,52383,Felipe Meligeni Alves,1.0,0.0,0.25,0.0,0.7719298245614035,0.4772727272727273,0.23076923076923078,0.42105263157894735,0.4,0.25,ATP,12 month,clay,1.0,0.875,0.125,0.6666666666666666,0.3055555555555556,0.5555555555555556,0.38888888888888884,0.2857142857142857,0.75
73269,54083,Thiago Agustin Tirante,5.0,0.8064516129032258,0.1935483870967742,4.166666666666667,0.6234096692111959,0.6938775510204082,0.5,0.6208651399491094,0.625,0.8064516129032258,ATP,12 month,clay,5.0,0.3387096774193548,0.2903225806451613,0.6147757255936676,0.3133047210300429,0.45890410958904104,0.36939313984168864,0.4482758620689655,0.7903225806451613
73314,54128,Francisco Cerundolo,9.0,0.2727272727272727,0.19480519480519481,1.4,0.6216216216216216,0.7267080745341615,0.5459183673469388,0.6583011583011583,0.7837837837837838,0.8961038961038961,ATP,12 month,clay,9.0,0.26582278481012656,0.21518987341772153,0.63,0.3555555555555555,0.5729729729729729,0.43600000000000005,0.39622641509433965,0.7341772151898734
73315,54129,Sebastian Baez,7.0,0.10810810810810811,0.25675675675675674,0.42105263157894735,0.702258726899384,0.6608187134502924,0.5241379310344828,0.6201232032854209,0.6829268292682927,0.8243243243243243,ATP,12 month,clay,7.0,0.3194444444444444,0.18055555555555555,0.6213389121338913,0.2895622895622896,0.5248618784530387,0.37866108786610875,0.3235294117647059,0.8472222222222222
76945,57678,Thiago Seyboth Wild,3.0,0.6216216216216216,0.21621621621621623,2.875,0.6607142857142857,0.6594594594594595,0.5578947368421052,0.625,0.6363636363636364,0.7837837837837838,ATP,12 month,clay,3.0,0.3783783783783784,0.10810810810810811,0.6245210727969349,0.2760736196319018,0.47959183673469385,0.3524904214559387,0.3888888888888889,0.8108108108108109
77518,58251,Joao Lucas Reis Da Silva,2.0,0.15,0.2,0.75,0.6639344262295082,0.5925925925925926,0.4634146341463415,0.5491803278688525,0.45454545454545453,0.7,ATP,12 month,clay,2.0,0.5789473684210527,0.05263157894736842,0.6846153846153846,0.2471910112359551,0.5365853658536586,0.3384615384615385,0.3333333333333333,0.8947368421052632
78341,59055,Matias Soto,1.0,0.1111111111111111,0.6666666666666666,0.16666666666666666,0.4307692307692308,0.5,0.4864864864864865,0.49230769230769234,0.5,0.6666666666666666,ATP,12 month,clay,1.0,0.625,0.0,0.7758620689655172,0.33333333333333337,0.3076923076923077,0.3275862068965517,0.3333333333333333,0.875
78393,59106,Emilio Nava,5.0,0.5952380952380952,0.3333333333333333,1.7857142857142858,0.6713780918727915,0.6842105263157895,0.3870967741935484,0.5865724381625441,0.5862068965517241,0.7142857142857143,ATP,12 month,clay,5.0,0.24444444444444444,0.13333333333333333,0.6875,0.2545454545454545,0.43999999999999995,0.3125,0.36363636363636365,0.9111111111111111
78889,59602,Juan Manuel Cerundolo,6.0,0.2916666666666667,0.18055555555555555,1.6153846153846154,0.7238307349665924,0.64,0.532258064516129,0.6102449888641426,0.6896551724137931,0.875,ATP,12 month,clay,6.0,0.23943661971830985,0.30985915492957744,0.6494623655913978,0.3211920529801324,0.5889570552147239,0.4150537634408602,0.4186046511627907,0.7464788732394366
78891,59604,Facundo Diaz Acosta,1.0,0.5454545454545454,0.18181818181818182,3.0,0.6774193548387096,0.7142857142857143,0.6,0.6774193548387096,0.0,0.9090909090909091,ATP,12 month,clay,1.0,0.2,0.1,0.7183098591549296,0.27450980392156865,0.35,0.295774647887324,0.0,1.0
78892,59605,Francisco Comesana,4.0,0.5535714285714286,0.4642857142857143,1.1923076923076923,0.6336336336336337,0.7535545023696683,0.4262295081967213,0.6336336336336337,0.4117647058823529,0.8214285714285714,ATP,12 month,clay,4.0,0.19298245614035087,0.22807017543859648,0.6098901098901099,0.3153153153153153,0.43661971830985913,0.3626373626373627,0.3333333333333333,0.8771929824561403
79257,59970,Pedro Boscardin Dias,1.0,0.5454545454545454,0.0,,0.6,0.5833333333333334,0.4166666666666667,0.5166666666666667,0.2857142857142857,0.5454545454545454,ATP,12 month,clay,1.0,0.09090909090909091,0.0,0.6349206349206349,0.30000000000000004,0.5652173913043479,0.39682539682539686,0.3333333333333333,0.9090909090909091
79572,60284,Gustavo Heide,2.0,0.15,0.35,0.42857142857142855,0.5813953488372093,0.6666666666666666,0.42592592592592593,0.5658914728682171,0.5,0.75,ATP,12 month,clay,2.0,0.35,0.25,0.6417910447761194,0.2674418604651163,0.375,0.30597014925373134,0.16666666666666666,0.95
79574,60286,Mariano Navone,5.0,0.0392156862745098,0.3333333333333333,0.11764705882352941,0.6357615894039735,0.6614583333333334,0.4,0.5662251655629139,0.5,0.7647058823529411,ATP,12 month,clay,5.0,0.12,0.3,0.5905044510385756,0.36180904522613067,0.5434782608695652,0.43620178041543023,0.35135135135135137,0.74
79622,208411,Daniel Antonio Nunez,1.0,0.0,0.2857142857142857,0.0,0.49122807017543857,0.5,0.4482758620689655,0.47368421052631576,0.5,0.2857142857142857,ATP,12 month,clay,1.0,0.125,0.375,0.4897959183673469,0.20833333333333337,0.43999999999999995,0.326530612244898,0.0,1.0
80070,60782,Francesco Passaro,8.0,0.39361702127659576,0.14893617021276595,2.642857142857143,0.6690265486725664,0.6851851851851852,0.5187165775401069,0.6300884955752213,0.6444444444444445,0.8297872340425532,ATP,12 month,clay,8.0,0.21505376344086022,0.16129032258064516,0.6418918918918919,0.33684210526315794,0.5,0.3952702702702703,0.32653061224489793,0.8279569892473119
80093,60805,Roman Andres Burruchaga,5.0,0.3684210526315789,0.2807017543859649,1.3125,0.6525198938992043,0.6829268292682927,0.5114503816793893,0.623342175066313,0.5757575757575758,0.7543859649122807,ATP,12 month,clay,5.0,0.27586206896551724,0.43103448275862066,0.620253164556962,0.3755102040816326,0.4866666666666667,0.4177215189873418,0.39473684210526316,0.7413793103448276
80124,60836,Juan Bautista Torres,1.0,0.1,0.0,,0.6481481481481481,0.6,0.5789473684210527,0.5925925925925926,0.0,0.7,ATP,12 month,clay,1.0,0.1,0.1,0.7627118644067796,0.28888888888888886,0.2857142857142857,0.288135593220339,1.0,0.9
80358,61069,Vilius Gaubas,9.0,0.3229166666666667,0.17708333333333334,1.8235294117647058,0.7051851851851851,0.6554621848739496,0.4723618090452261,0.6014814814814815,0.6666666666666666,0.8333333333333334,ATP,12 month,clay,9.0,0.3465346534653465,0.21782178217821782,0.5970149253731343,0.3138888888888889,0.4732510288065843,0.37810945273631846,0.3958333333333333,0.8118811881188119
80437,61148,Adolfo Daniel Vallejo,5.0,0.35294117647058826,0.21568627450980393,1.6363636363636365,0.6277602523659306,0.6834170854271356,0.4915254237288136,0.61198738170347,0.625,0.8235294117647058,ATP,12 month,clay,5.0,0.5,0.32,0.6716867469879518,0.32735426008968604,0.5504587155963303,0.4006024096385542,0.3448275862068966,0.8
80471,61181,Luciano Darderi,9.0,0.4020618556701031,0.24742268041237114,1.625,0.5645695364238411,0.7888563049853372,0.4714828897338403,0.6506622516556292,0.6304347826086957,0.8247422680412371,ATP,12 month,clay,9.0,0.17346938775510204,0.2653061224489796,0.639937106918239,0.36609336609336607,0.5414847161572052,0.4292452830188679,0.44642857142857145,0.7448979591836735
80495,61204,Elmer Moller,3.0,0.15625,0.71875,0.21739130434782608,0.6076555023923444,0.5118110236220472,0.47560975609756095,0.49760765550239233,0.47619047619047616,0.65625,ATP,12 month,clay,3.0,0.3939393939393939,0.30303030303030304,0.6227272727272727,0.3138686131386861,0.5421686746987953,0.4,0.5294117647058824,0.7272727272727273
81071,61749,Ignacio Buse,7.0,0.3157894736842105,0.18947368421052632,1.6666666666666667,0.6348408710217756,0.6992084432717678,0.5091743119266054,0.6298157453936348,0.6666666666666666,0.8315789473684211,ATP,12 month,clay,7.0,0.35051546391752575,0.17525773195876287,0.6351851851851852,0.2711370262390671,0.4568527918781726,0.3388888888888889,0.45714285714285713,0.8350515463917526
81086,61763,Alex Barrena,4.0,0.2926829268292683,0.2926829268292683,1.0,0.5363321799307958,0.6838709677419355,0.5,0.5986159169550173,0.6666666666666666,0.7804878048780488,ATP,12 month,clay,4.0,0.21428571428571427,0.23809523809523808,0.6056910569105691,0.36241610738255037,0.5360824742268041,0.43089430894308944,0.56,0.6666666666666666
81223,61900,Henrique Rocha,2.0,0.17647058823529413,0.47058823529411764,0.375,0.6228070175438597,0.6901408450704225,0.5581395348837209,0.6403508771929824,0.625,0.8235294117647058,ATP,12 month,clay,2.0,0.05555555555555555,0.2222222222222222,0.6320754716981132,0.25373134328358204,0.5897435897435898,0.37735849056603776,0.2857142857142857,0.8888888888888888
81473,62149,Jaime Faria,5.0,0.42105263157894735,0.24561403508771928,1.7142857142857142,0.598314606741573,0.755868544600939,0.5664335664335665,0.6797752808988764,0.6875,0.9122807017543859,ATP,12 month,clay,5.0,0.4482758620689655,0.22413793103448276,0.7154046997389034,0.3029197080291971,0.5596330275229358,0.37597911227154046,0.3076923076923077,0.8620689655172413
81508,62394,Lautaro Midon,3.0,0.5333333333333333,0.13333333333333333,4.0,0.5990566037735849,0.6456692913385826,0.4470588235294118,0.5660377358490566,0.5714285714285714,0.6,ATP,12 month,clay,3.0,0.09375,0.25,0.7244897959183674,0.4014084507042254,0.6481481481481481,0.4693877551020408,0.52,0.59375
81621,62296,Juan Manuel La Serna,1.0,0.25,0.375,0.6666666666666666,0.6666666666666666,0.5588235294117647,0.5294117647058824,0.5490196078431373,0.5555555555555556,0.5,ATP,12 month,clay,1.0,0.25,0.125,0.5476190476190477,0.21739130434782605,0.21052631578947367,0.2142857142857143,0.0,1.0
82686,211477,Nicolas Villalon Valdes,1.0,0.5,0.2,2.5,0.6379310344827587,0.6756756756756757,0.47619047619047616,0.603448275862069,0.0,0.8,ATP,12 month,clay,1.0,0.3333333333333333,0.2222222222222222,0.7543859649122807,0.18604651162790697,0.5,0.26315789473684215,0.0,1.0
82872,63536,Joao Fonseca,3.0,0.35,0.1,3.5,0.6349206349206349,0.725,0.5760869565217391,0.6706349206349206,0.6875,0.875,ATP,12 month,clay,3.0,0.55,0.2,0.6514522821576764,0.2420382165605095,0.5357142857142857,0.34439834024896265,0.26666666666666666,0.9
83812,212603,Benjamin Torrealba,1.0,0.0,0.5714285714285714,0.0,0.4888888888888889,0.45454545454545453,0.2608695652173913,0.35555555555555557,0.5555555555555556,0.42857142857142855,ATP,12 month,clay,1.0,0.0,0.0,0.675,0.2962962962962963,0.3846153846153846,0.32499999999999996,0.5,0.8571428571428571
84238,213036,Luis Guto Miguel,1.0,0.07692307692307693,0.07692307692307693,1.0,0.7142857142857143,0.7166666666666667,0.4166666666666667,0.6309523809523809,0.625,0.7692307692307693,ATP,12 month,clay,1.0,0.0,0.16666666666666666,0.7625,0.4098360655737705,0.368421052631579,0.4,0.6666666666666666,0.8333333333333334
155691,,Daniel Jovanovski,1.0,0.2727272727272727,0.45454545454545453,0.6,0.56,0.7142857142857143,0.3939393939393939,0.5733333333333334,0.7,0.7272727272727273,ATP,12 month,hard,1.0,0.18181818181818182,0.36363636363636365,0.6065573770491803,0.16216216216216217,0.45833333333333337,0.2786885245901639,0.2,0.9090909090909091
155692,61905,Daniel Merida,4.0,0.6206896551724138,0.1896551724137931,3.272727272727273,0.6684210526315789,0.6968503937007874,0.46825396825396826,0.6210526315789474,0.6470588235294118,0.7931034482758621,ATP,12 month,hard,4.0,0.43859649122807015,0.24561403508771928,0.6440677966101694,0.3464912280701754,0.4206349206349206,0.3728813559322034,0.375,0.7894736842105263
155761,,Kai Thompson,1.0,0.2222222222222222,0.4444444444444444,0.5,0.6538461538461539,0.5588235294117647,0.3888888888888889,0.5,0.42857142857142855,0.5555555555555556,ATP,12 month,hard,1.0,0.625,0.125,0.6875,0.21212121212121215,0.33333333333333337,0.25,0.25,0.875
155790,2092,Martin Damm Jr,11.0,1.3484848484848484,0.2878787878787879,4.684210526315789,0.6732919254658385,0.7970479704797048,0.5437262357414449,0.7142857142857143,0.625,0.9318181818181818,ATP,12 month,hard,11.0,0.706766917293233,0.15789473684210525,0.6589327146171694,0.2535211267605634,0.4727891156462585,0.32830626450116007,0.3090909090909091,0.8721804511278195
155866,59276,Yunchaokete Bu,3.0,0.5277777777777778,0.1111111111111111,4.75,0.6682242990654206,0.6853146853146853,0.5352112676056338,0.6355140186915887,0.5714285714285714,0.8333333333333334,ATP,12 month,hard,3.0,0.8787878787878788,0.09090909090909091,0.6620370370370371,0.1748251748251748,0.3561643835616438,0.23611111111111116,0.0,1.0
156896,11420,Mackenzie McDonald,8.0,0.5104166666666666,0.16666666666666666,3.0625,0.6496124031007752,0.6682577565632458,0.5707964601769911,0.6341085271317829,0.62,0.8020833333333334,ATP,12 month,hard,8.0,0.6530612244897959,0.24489795918367346,0.6111111111111112,0.2831168831168831,0.5265306122448979,0.37777777777777777,0.3225806451612903,0.7959183673469388
156905,22231,Botic Van de Zandschulp,10.0,0.7286821705426356,0.40310077519379844,1.8076923076923077,0.6286407766990292,0.7606177606177607,0.45751633986928103,0.6480582524271845,0.5869565217391305,0.8527131782945736,ATP,12 month,hard,10.0,0.5669291338582677,0.25196850393700787,0.6581508515815085,0.2735674676524954,0.4875444839857651,0.34671532846715325,0.3148148148148148,0.8661417322834646
156914,61864,Dino Prižmić,8.0,0.39361702127659576,0.2765957446808511,1.4230769230769231,0.6502463054187192,0.7373737373737373,0.5586854460093896,0.6748768472906403,0.72,0.851063829787234,ATP,12 month,hard,8.0,0.4421052631578947,0.2736842105263158,0.6377952755905512,0.3382716049382716,0.5173913043478261,0.4031496062992126,0.39436619718309857,0.7052631578947368
156916,5983,Damir Džumhur,4.0,0.21568627450980393,0.21568627450980393,1.0,0.6112759643916914,0.6407766990291263,0.4580152671755725,0.56973293768546,0.47368421052631576,0.6078431372549019,ATP,12 month,hard,4.0,0.5192307692307693,0.21153846153846154,0.5981012658227848,0.3121693121693122,0.5196850393700787,0.39556962025316456,0.5172413793103449,0.7115384615384616
156919,6131,Roberto Carballés Baena,8.0,0.5222222222222223,0.2222222222222222,2.35,0.6593806921675774,0.7375690607734806,0.5668449197860963,0.6794171220400729,0.5925925925925926,0.8777777777777778,ATP,12 month,hard,8.0,0.4666666666666667,0.2222222222222222,0.6363636363636364,0.2857142857142857,0.5593220338983051,0.38520801232665636,0.2923076923076923,0.7888888888888889
156921,52288,Vit Kopřiva,4.0,0.5172413793103449,0.25862068965517243,2.0,0.6146341463414634,0.6706349206349206,0.5,0.6048780487804878,0.6756756756756757,0.7931034482758621,ATP,12 month,hard,4.0,0.7368421052631579,0.2631578947368421,0.6951566951566952,0.27459016393442626,0.485981308411215,0.3390313390313391,0.44,0.8070175438596491
156923,5512,Jan-Lennard Struff,12.0,0.7013888888888888,0.19444444444444445,3.607142857142857,0.6260355029585799,0.7410207939508506,0.5411392405063291,0.6662721893491125,0.5714285714285714,0.8333333333333334,ATP,12 month,hard,12.0,0.7394366197183099,0.323943661971831,0.614240170031881,0.2941176470588235,0.5151515151515151,0.37938363443145595,0.35,0.7535211267605634
156933,5217,Marin Čilić,10.0,1.0593220338983051,0.3305084745762712,3.2051282051282053,0.5852713178294574,0.8322295805739515,0.5046728971962616,0.6963824289405685,0.6451612903225806,0.9067796610169492,ATP,12 month,hard,10.0,0.819672131147541,0.21311475409836064,0.6483660130718955,0.25604838709677424,0.5687732342007434,0.36601307189542487,0.41379310344827586,0.8032786885245902
156936,62629,Federico Cinà,2.0,0.3103448275862069,0.13793103448275862,2.25,0.7021276595744681,0.7045454545454546,0.48214285714285715,0.6382978723404256,0.6363636363636364,0.8620689655172413,ATP,12 month,hard,2.0,0.3793103448275862,0.20689655172413793,0.7305389221556886,0.25409836065573765,0.4222222222222223,0.29940119760479045,0.3076923076923077,0.8620689655172413
156941,,Pierre-Hugues Herbert,3.0,0.46875,0.3125,1.5,0.599009900990099,0.7520661157024794,0.4691358024691358,0.6386138613861386,0.6666666666666666,0.84375,ATP,12 month,hard,3.0,0.41935483870967744,0.0967741935483871,0.6666666666666666,0.26190476190476186,0.47619047619047616,0.33333333333333337,0.3,0.9032258064516129
156949,5790,Pablo Carreño Busta,15.0,0.29347826086956524,0.125,2.347826086956522,0.6660899653979239,0.6961038961038961,0.5025906735751295,0.6314878892733564,0.5394736842105263,0.8097826086956522,ATP,12 month,hard,15.0,0.8494623655913979,0.3010752688172043,0.5938566552901023,0.25287356321839083,0.5504201680672269,0.37372013651877134,0.3978494623655914,0.8010752688172043
156968,54382,Chun-Hsin Tseng,3.0,0.24242424242424243,0.24242424242424243,1.0,0.6255707762557078,0.6642335766423357,0.524390243902439,0.6118721461187214,0.3333333333333333,0.7575757575757576,ATP,12 month,hard,3.0,0.35294117647058826,0.20588235294117646,0.6089108910891089,0.2845528455284553,0.5443037974683544,0.38613861386138615,0.4375,0.7941176470588235
157009,,Kaan Isik Kosaner,1.0,0.2222222222222222,0.4444444444444444,0.5,0.9125,0.5342465753424658,0.14285714285714285,0.5,0.6875,0.4444444444444444,ATP,12 month,hard,1.0,0.8,0.1,0.8571428571428571,0.33333333333333337,0.5,0.3571428571428571,0.6666666666666666,0.8
157040,,Abdulrahman AL Janahi,1.0,0.0,0.5,0.0,0.6052631578947368,0.30434782608695654,0.4,0.34210526315789475,0.0,0.0,ATP,12 month,hard,1.0,0.8571428571428571,0.0,0.5,0.0,0.2857142857142857,0.1428571428571429,,1.0
157043,,Alex Hernandez,1.0,0.0,0.1111111111111111,0.0,0.8095238095238095,0.6176470588235294,0.375,0.5714285714285714,0.75,0.8888888888888888,ATP,12 month,hard,1.0,1.625,0.0,0.6206896551724138,0.16666666666666663,0.5,0.2931034482758621,0.0,1.0
157065,,Emilio Camacho,1.0,0.0,0.2222222222222222,0.0,0.64,0.65625,0.3888888888888889,0.56,0.5,0.5555555555555556,ATP,12 month,hard,1.0,0.3333333333333333,0.3333333333333333,0.7058823529411765,0.16666666666666663,0.6,0.2941176470588235,0.5,0.8888888888888888
157489,,Andrew Johnson,1.0,0.14285714285714285,0.42857142857142855,0.3333333333333333,0.7115384615384616,0.5135135135135135,0.4,0.4807692307692308,0.42857142857142855,0.42857142857142855,ATP,12 month,hard,1.0,0.25,0.25,0.5454545454545454,0.19999999999999996,0.52,0.34545454545454546,0.0,1.0
157492,,Izyan Ahmad,1.0,0.125,0.375,0.3333333333333333,0.6440677966101694,0.47368421052631576,0.42857142857142855,0.4576271186440678,0.6,0.5,ATP,12 month,hard,1.0,0.8571428571428571,0.2857142857142857,0.6,0.125,0.3125,0.19999999999999996,,1.0
19609,640,Alexander Zverev,8.0,0.8402777777777778,0.08333333333333333,10.083333333333334,0.732183908045977,0.7660910518053375,0.5665236051502146,0.7126436781609196,0.6486486486486487,0.9097222222222222,ATP,12 month,hard,8.0,0.3931034482758621,0.18620689655172415,0.6756176154672395,0.3036565977742448,0.48344370860927155,0.36197636949516654,0.4411764705882353,0.7931034482758621
23491,4524,Stan Wawrinka,9.0,0.592,0.208,2.8461538461538463,0.5754601226993865,0.7505330490405118,0.546242774566474,0.6638036809815951,0.6774193548387096,0.84,ATP,12 month,hard,9.0,0.7286821705426356,0.16279069767441862,0.669260700389105,0.24806201550387597,0.4980392156862745,0.330739299610895,0.3,0.8604651162790697
23754,4786,Gael Monfils,3.0,0.6041666666666666,0.3125,1.9333333333333333,0.5880503144654088,0.732620320855615,0.44274809160305345,0.6132075471698113,0.7428571428571429,0.8125,ATP,12 month,hard,3.0,0.3404255319148936,0.1276595744680851,0.6267123287671232,0.2568306010928961,0.3853211009174312,0.3047945205479452,0.26666666666666666,0.9148936170212766
23885,4917,Novak Djokovic,6.0,0.532608695652174,0.17391304347826086,3.0625,0.6873949579831933,0.7408312958435208,0.5161290322580645,0.6705882352941176,0.7368421052631579,0.8369565217391305,ATP,12 month,hard,6.0,0.6804123711340206,0.21649484536082475,0.6751700680272109,0.3123425692695214,0.5340314136125655,0.3843537414965986,0.39655172413793105,0.7628865979381443
24096,5128,Roberto Bautista Agut,5.0,0.359375,0.046875,7.666666666666667,0.6870229007633588,0.6370370370370371,0.5284552845528455,0.6030534351145038,0.5365853658536586,0.703125,ATP,12 month,hard,5.0,1.0158730158730158,0.25396825396825395,0.611764705882353,0.22307692307692306,0.48484848484848486,0.3247058823529412,0.24242424242424243,0.873015873015873
24131,5163,Adrian Mannarino,10.0,0.5537190082644629,0.1487603305785124,3.7222222222222223,0.6377551020408163,0.724,0.49295774647887325,0.6403061224489796,0.6140350877192983,0.8181818181818182,ATP,12 month,hard,10.0,0.9590163934426229,0.14754098360655737,0.6424657534246575,0.20895522388059706,0.49042145593869735,0.30958904109589036,0.38461538461538464,0.8770491803278688
24138,5170,Daniel Dutra Da Silva,1.0,0.125,0.125,1.0,0.62,0.41935483870967744,0.47368421052631576,0.44,0.0,0.375,ATP,12 month,hard,1.0,0.375,0.25,0.7083333333333334,0.2647058823529411,0.4285714285714286,0.3125,0.3333333333333333,0.875
24431,5463,Marco Trungelliti,6.0,0.5066666666666667,0.3333333333333333,1.52,0.6303030303030303,0.6858974358974359,0.4426229508196721,0.5959595959595959,0.6136363636363636,0.7733333333333333,ATP,12 month,hard,6.0,0.5066666666666667,0.24,0.6162046908315565,0.273356401384083,0.5388888888888889,0.3752665245202559,0.42105263157894735,0.7866666666666666
24508,5540,Daniel Evans,1.0,0.14285714285714285,0.5714285714285714,0.25,0.4807692307692308,0.52,0.4074074074074074,0.46153846153846156,0.2857142857142857,0.2857142857142857,ATP,12 month,hard,1.0,0.75,0.0,0.7368421052631579,0.2142857142857143,0.30000000000000004,0.23684210526315785,,1.0
24536,5568,Dusan Lajovic,4.0,0.38181818181818183,0.12727272727272726,3.0,0.729106628242075,0.7154150197628458,0.5,0.6570605187319885,0.6153846153846154,0.8181818181818182,ATP,12 month,hard,4.0,0.3090909090909091,0.2,0.6850393700787402,0.32567049808429116,0.475,0.3727034120734908,0.3103448275862069,0.8363636363636363
24566,5598,Norbert Gombos,1.0,0.16666666666666666,0.0,,0.6373626373626373,0.6896551724137931,0.48484848484848486,0.6153846153846154,0.5,0.8333333333333334,ATP,12 month,hard,1.0,0.5,0.08333333333333333,0.6835443037974683,0.2222222222222222,0.43999999999999995,0.2911392405063291,0.6666666666666666,0.8333333333333334
24628,5660,David Goffin,1.0,0.4444444444444444,0.1111111111111111,4.0,0.5294117647058824,0.6666666666666666,0.2916666666666667,0.49019607843137253,0.4,0.6666666666666666,ATP,12 month,hard,1.0,0.5,0.25,0.5740740740740741,0.16129032258064513,0.4782608695652174,0.2962962962962963,1.0,0.875
24683,5714,Pierre Hugues Herbert,3.0,0.8125,0.21875,3.7142857142857144,0.6590909090909091,0.8017241379310345,0.4666666666666667,0.6875,0.6,0.875,ATP,12 month,hard,3.0,0.1935483870967742,0.25806451612903225,0.6629213483146067,0.2627118644067796,0.4666666666666667,0.3314606741573034,0.42857142857142855,0.8064516129032258
24728,5760,Grigor Dimitrov,5.0,0.8103448275862069,0.27586206896551724,2.9375,0.6206896551724138,0.7649572649572649,0.42657342657342656,0.636604774535809,0.6551724137931034,0.8275862068965517,ATP,12 month,hard,5.0,0.9491525423728814,0.13559322033898305,0.72,0.2222222222222222,0.3626373626373627,0.2615384615384615,0.23529411764705882,0.9322033898305084
24757,,Mirza Basic,1.0,0.4444444444444444,0.1111111111111111,4.0,0.7076923076923077,0.5869565217391305,0.47368421052631576,0.5538461538461539,0.6363636363636364,0.5555555555555556,ATP,12 month,hard,1.0,1.1111111111111112,0.5555555555555556,0.5614035087719298,0.25,0.43999999999999995,0.33333333333333337,0.16666666666666666,0.8888888888888888
24792,5824,Lorenzo Giustino,1.0,0.2,0.1,2.0,0.9344262295081968,0.6140350877192983,0.25,0.5901639344262295,0.6666666666666666,0.7,ATP,12 month,hard,1.0,1.1111111111111112,0.0,0.9433962264150944,0.19999999999999996,0.0,0.18867924528301883,1.0,0.8888888888888888
24821,5853,Yannick Hanfmann,4.0,0.7758620689655172,0.15517241379310345,5.0,0.6646884272997032,0.7678571428571429,0.504424778761062,0.6795252225519288,0.5454545454545454,0.8275862068965517,ATP,12 month,hard,4.0,0.6666666666666666,0.21052631578947367,0.6997389033942559,0.3097014925373134,0.4608695652173913,0.35509138381201044,0.375,0.8421052631578947
24833,5865,Stefano Travaglia,4.0,0.76,0.38,2.0,0.6463768115942029,0.7130044843049327,0.5409836065573771,0.6521739130434783,0.8181818181818182,0.92,ATP,12 month,hard,4.0,0.6078431372549019,0.1568627450980392,0.6984615384615385,0.31277533039647576,0.44897959183673475,0.3538461538461538,0.42857142857142855,0.8235294117647058
24853,5885,James Duckworth,9.0,0.6106194690265486,0.26548672566371684,2.3,0.5834445927903872,0.7254004576659039,0.5096153846153846,0.6355140186915887,0.6060606060606061,0.7699115044247787,ATP,12 month,hard,9.0,0.8508771929824561,0.2982456140350877,0.6123032904148784,0.20327102803738317,0.48708487084870844,0.3133047210300429,0.2653061224489796,0.8859649122807017
24867,5899,Marton Fucsovics,8.0,0.30434782608695654,0.25,1.2173913043478262,0.6182707993474714,0.6675461741424802,0.5213675213675214,0.6117455138662317,0.6071428571428571,0.7608695652173914,ATP,12 month,hard,8.0,0.44565217391304346,0.25,0.6363636363636364,0.28296703296703296,0.5144230769230769,0.3671328671328671,0.425531914893617,0.782608695652174
24883,5915,Nikoloz Basilashvili,8.0,0.7297297297297297,0.6216216216216216,1.173913043478261,0.49777777777777776,0.75,0.4424778761061947,0.5955555555555555,0.5128205128205128,0.7432432432432432,ATP,12 month,hard,8.0,0.8732394366197183,0.19718309859154928,0.6466666666666666,0.2714776632302406,0.3836477987421384,0.3111111111111111,0.25,0.9436619718309859
25016,6048,Marco Cecchinato,1.0,0.3,0.3,1.0,0.6153846153846154,0.65,0.48,0.5846153846153846,0.75,0.8,ATP,12 month,hard,1.0,0.4444444444444444,0.0,0.7111111111111111,0.125,0.0,0.0888888888888889,,1.0
25022,6054,Bernard Tomic,5.0,0.43902439024390244,0.04878048780487805,9.0,0.7211155378486056,0.6629834254143646,0.44285714285714284,0.601593625498008,0.5769230769230769,0.7317073170731707,ATP,12 month,hard,5.0,0.42857142857142855,0.047619047619047616,0.6638297872340425,0.2948717948717948,0.379746835443038,0.32340425531914896,0.47058823529411764,0.8095238095238095
25060,6092,Alex Bolt,2.0,1.4074074074074074,0.25925925925925924,5.428571428571429,0.7320574162679426,0.7189542483660131,0.44642857142857145,0.645933014354067,0.8181818181818182,0.9259259259259259,ATP,12 month,hard,2.0,0.6071428571428571,0.21428571428571427,0.5898876404494382,0.23809523809523814,0.36986301369863017,0.2921348314606742,0.1111111111111111,0.9642857142857143
25137,6169,Jason Kubler,5.0,0.6226415094339622,0.1509433962264151,4.125,0.6794871794871795,0.7877358490566038,0.5,0.6955128205128205,0.7307692307692307,0.8679245283018868,ATP,12 month,hard,5.0,0.7115384615384616,0.25,0.6312997347480106,0.2983193277310925,0.5467625899280575,0.389920424403183,0.325,0.75
25149,6181,Hugo Dellien,1.0,0.1111111111111111,0.1111111111111111,1.0,0.7666666666666667,0.5434782608695652,0.5714285714285714,0.55,0.625,0.6666666666666666,ATP,12 month,hard,1.0,0.6666666666666666,0.0,0.7407407407407407,0.19999999999999996,0.5,0.2777777777777778,0.0,1.0
25154,6186,Pedro Sakamoto,1.0,0.5,0.125,4.0,0.6382978723404256,0.43333333333333335,0.5294117647058824,0.46808510638297873,0.42857142857142855,0.5,ATP,12 month,hard,1.0,1.0,0.2857142857142857,0.6875,0.18181818181818177,0.4666666666666667,0.27083333333333337,0.0,1.0
25169,6201,Marcos Giron,13.0,0.41358024691358025,0.14814814814814814,2.7916666666666665,0.6571699905033238,0.6994219653179191,0.5207756232686981,0.6381766381766382,0.6744186046511628,0.8271604938271605,ATP,12 month,hard,13.0,0.7204968944099379,0.2236024844720497,0.6594911937377691,0.2967359050445104,0.5459770114942528,0.38160469667318986,0.45161290322580644,0.7391304347826086
25234,6266,Mitchell Krueger,3.0,0.25806451612903225,0.06451612903225806,4.0,0.7468879668049793,0.6277777777777778,0.45901639344262296,0.5850622406639004,0.7083333333333334,0.7741935483870968,ATP,12 month,hard,3.0,0.5666666666666667,0.1,0.6722222222222223,0.25619834710743805,0.30508474576271183,0.27222222222222225,0.3333333333333333,0.9666666666666667
25244,6276,Kimmer Coppejans,4.0,0.5833333333333334,0.3125,1.8666666666666667,0.6143790849673203,0.6968085106382979,0.5084745762711864,0.6241830065359477,0.5925925925925926,0.7708333333333334,ATP,12 month,hard,4.0,0.425531914893617,0.1276595744680851,0.6302250803858521,0.34183673469387754,0.4695652173913043,0.3890675241157556,0.4482758620689655,0.723404255319149
25282,6314,Christopher Oconnell,13.0,0.7961783439490446,0.08280254777070063,9.615384615384615,0.6023738872403561,0.7192118226600985,0.4925373134328358,0.629080118694362,0.64,0.8280254777070064,ATP,12 month,hard,13.0,0.5657894736842105,0.28289473684210525,0.6037364798426745,0.2980456026058632,0.49875930521091816,0.3775811209439528,0.5,0.7631578947368421
25352,106401,Nick Kyrgios,1.0,0.5,0.0,,0.6304347826086957,0.7931034482758621,0.5882352941176471,0.717391304347826,0.0,0.8,ATP,12 month,hard,1.0,1.1111111111111112,0.3333333333333333,0.5652173913043478,0.038461538461538436,0.30000000000000004,0.15217391304347827,,1.0
25366,6398,Yoshihito Nishioka,4.0,0.17142857142857143,0.11428571428571428,1.5,0.7293577981651376,0.5534591194968553,0.4576271186440678,0.5275229357798165,0.48,0.6285714285714286,ATP,12 month,hard,4.0,1.0294117647058822,0.23529411764705882,0.6590909090909091,0.3172413793103448,0.52,0.38636363636363635,0.4,0.7647058823529411
25372,6404,Daniil Medvedev,17.0,0.7513227513227513,0.35978835978835977,2.088235294117647,0.6782178217821783,0.7384428223844283,0.48205128205128206,0.655940594059406,0.6585365853658537,0.8518518518518519,ATP,12 month,hard,17.0,0.24210526315789474,0.12631578947368421,0.6470113085621971,0.3570536828963795,0.5697940503432495,0.4321486268174475,0.4609375,0.6894736842105263
25374,106423,Thanasi Kokkinakis,1.0,1.0,0.06666666666666667,15.0,0.61,0.7049180327868853,0.6153846153846154,0.67,0.6666666666666666,0.8,ATP,12 month,hard,1.0,0.5333333333333333,0.2,0.5164835164835165,0.2978723404255319,0.38636363636363635,0.34065934065934067,0.6,0.8
25377,6409,Cristian Garin,3.0,0.6666666666666666,0.2857142857142857,2.3333333333333335,0.562962962962963,0.6776315789473685,0.5169491525423728,0.6074074074074074,0.5652173913043478,0.7619047619047619,ATP,12 month,hard,3.0,0.7380952380952381,0.21428571428571427,0.6587301587301587,0.2168674698795181,0.4418604651162791,0.2936507936507936,0.3125,0.8809523809523809
30141,11154,Zhizhen Zhang,5.0,0.75,0.10714285714285714,7.0,0.6727748691099477,0.6964980544747081,0.448,0.6151832460732984,0.7741935483870968,0.875,ATP,12 month,hard,5.0,0.7037037037037037,0.2037037037037037,0.7107692307692308,0.2640692640692641,0.4042553191489362,0.3046153846153846,0.5,0.8703703703703703
30143,111192,Lucas Miedler,1.0,1.0,0.5,2.0,0.5555555555555556,0.72,0.175,0.4777777777777778,0.75,0.5,ATP,12 month,hard,1.0,0.5,0.25,0.7906976744186046,0.2941176470588235,0.33333333333333337,0.3023255813953488,0.0,1.0
30151,11164,Elias Ymer,13.0,0.4444444444444444,0.1871345029239766,2.375,0.624,0.7279202279202279,0.5153664302600472,0.648,0.7073170731707317,0.8596491228070176,ATP,12 month,hard,13.0,0.6081871345029239,0.25146198830409355,0.6288566243194192,0.26262626262626265,0.469437652811736,0.3393829401088929,0.3225806451612903,0.8830409356725146
30153,11166,Hyeon Chung,1.0,0.0,0.1111111111111111,0.0,0.5849056603773585,0.7741935483870968,0.6363636363636364,0.7169811320754716,0.0,0.8888888888888888,ATP,12 month,hard,1.0,0.2,0.3,0.576271186440678,0.23529411764705888,0.64,0.4067796610169492,0.6,0.7
30392,11406,Jordan Thompson,2.0,0.5641025641025641,0.05128205128205128,11.0,0.5805084745762712,0.708029197080292,0.6060606060606061,0.6652542372881356,0.5,0.8461538461538461,ATP,12 month,hard,2.0,0.39473684210526316,0.2631578947368421,0.5843137254901961,0.30201342281879195,0.44339622641509435,0.36078431372549025,0.47058823529411764,0.7894736842105263
30404,11418,Li Tu,1.0,0.14285714285714285,0.5714285714285714,0.25,0.7272727272727273,0.425,0.26666666666666666,0.38181818181818183,0.45454545454545453,0.14285714285714285,ATP,12 month,hard,1.0,0.5,0.0,0.7619047619047619,0.28125,0.5,0.33333333333333337,0.3333333333333333,0.875
30410,11424,Quentin Halys,20.0,0.9047619047619048,0.22077922077922077,4.098039215686274,0.6249139710942877,0.7830396475770925,0.4972477064220184,0.6758430832759807,0.6585365853658537,0.8787878787878788,ATP,12 month,hard,20.0,0.6170212765957447,0.17446808510638298,0.6474143720617864,0.2904564315352697,0.4571428571428572,0.3492276695768972,0.3047619047619048,0.8638297872340426
30463,11477,Laslo Djere,4.0,0.38461538461538464,0.25,1.5384615384615385,0.6239316239316239,0.7214611872146118,0.49242424242424243,0.6353276353276354,0.6857142857142857,0.7884615384615384,ATP,12 month,hard,4.0,0.43137254901960786,0.11764705882352941,0.6126126126126126,0.2647058823529411,0.4418604651162791,0.33333333333333337,0.3181818181818182,0.8627450980392157
30465,,Thai Son Kwiatkowski,1.0,0.25,1.125,0.2222222222222222,0.5490196078431373,0.6785714285714286,0.34782608695652173,0.5294117647058824,0.5,0.5,ATP,12 month,hard,1.0,0.625,0.0,0.4772727272727273,0.09523809523809523,0.34782608695652173,0.2272727272727273,0.0,1.0
30525,11539,Karen Khachanov,11.0,0.6646706586826348,0.12574850299401197,5.285714285714286,0.659238625812442,0.7690140845070422,0.5367847411444142,0.6898792943361188,0.7377049180327869,0.9041916167664671,ATP,12 month,hard,11.0,0.6011904761904762,0.20238095238095238,0.602996254681648,0.2562111801242236,0.45518867924528306,0.33520599250936334,0.37681159420289856,0.8452380952380952
30526,11540,Sumit Nagal,2.0,0.07142857142857142,0.21428571428571427,0.3333333333333333,0.6486486486486487,0.625,0.4,0.5459459459459459,0.5769230769230769,0.6071428571428571,ATP,12 month,hard,2.0,0.46153846153846156,0.34615384615384615,0.550561797752809,0.2755102040816326,0.475,0.3651685393258427,0.3157894736842105,0.7692307692307693
30531,11545,Michael Mmoh,6.0,0.7777777777777778,0.3611111111111111,2.1538461538461537,0.6639004149377593,0.75625,0.4876543209876543,0.6659751037344398,0.7058823529411765,0.8611111111111112,ATP,12 month,hard,6.0,0.6901408450704225,0.14084507042253522,0.6600441501103753,0.27090301003344486,0.461038961038961,0.3355408388520972,0.3611111111111111,0.8169014084507042
30744,11758,Kamil Majchrzak,9.0,0.4338235294117647,0.15441176470588236,2.8095238095238093,0.6439306358381502,0.718132854578097,0.512987012987013,0.6450867052023121,0.5932203389830508,0.8235294117647058,ATP,12 month,hard,9.0,0.8962962962962963,0.26666666666666666,0.6990846681922197,0.29132569558101473,0.5133079847908746,0.35812356979405036,0.3898305084745763,0.8296296296296296
30747,11761,Nicolas Jarry,2.0,0.8076923076923077,0.15384615384615385,5.25,0.6815286624203821,0.7289719626168224,0.52,0.6624203821656051,0.5714285714285714,0.8846153846153846,ATP,12 month,hard,2.0,0.64,0.16,0.6959459459459459,0.15533980582524276,0.4444444444444444,0.2432432432432432,0.2857142857142857,0.92
30765,11779,Cameron Norrie,10.0,0.4966442953020134,0.16778523489932887,2.96,0.6686807653575025,0.7153614457831325,0.5531914893617021,0.6616314199395771,0.6805555555555556,0.8456375838926175,ATP,12 month,hard,10.0,0.8410596026490066,0.18543046357615894,0.6455566905005107,0.2958860759493671,0.4668587896253602,0.3564862104187947,0.37333333333333335,0.8145695364238411
32581,113631,L Robinson,2.0,0.5,0.1,5.0,0.6875,0.7662337662337663,0.45714285714285713,0.6696428571428571,0.5714285714285714,0.85,ATP,12 month,hard,2.0,0.5,0.5,0.6115702479338843,0.3783783783783784,0.5531914893617021,0.44628099173553715,0.6666666666666666,0.6
36307,17290,Omar Jasika,1.0,0.1111111111111111,0.0,,0.6491228070175439,0.5405405405405406,0.35,0.47368421052631576,0.16666666666666666,0.4444444444444444,ATP,12 month,hard,1.0,0.3333333333333333,0.1111111111111111,0.6981132075471698,0.2702702702702703,0.5,0.339622641509434,0.3333333333333333,0.7777777777777778
36309,117359,Jake Delaney,1.0,0.9285714285714286,0.42857142857142855,2.1666666666666665,0.6122448979591837,0.7166666666666667,0.4473684210526316,0.6122448979591837,0.7272727272727273,0.7857142857142857,ATP,12 month,hard,1.0,0.6666666666666666,0.13333333333333333,0.68,0.2647058823529411,0.46875,0.32999999999999996,0.2,0.8666666666666667
36310,117360,Marc Polmans,1.0,0.0,0.18181818181818182,0.0,0.8414634146341463,0.6231884057971014,0.38461538461538464,0.5853658536585366,0.7,0.7272727272727273,ATP,12 month,hard,1.0,0.2727272727272727,0.5454545454545454,0.8571428571428571,0.31818181818181823,0.7272727272727273,0.37662337662337664,0.2222222222222222,0.8181818181818182
40361,21344,Moez Echargui,5.0,0.5,0.22727272727272727,2.2,0.6101321585903083,0.7292418772563177,0.5028248587570622,0.6409691629955947,0.7777777777777778,0.9090909090909091,ATP,12 month,hard,5.0,0.7878787878787878,0.12121212121212122,0.6467661691542289,0.21153846153846156,0.4014084507042254,0.2786069651741293,0.3076923076923077,0.9393939393939394
41028,22011,Dmitry Popko,1.0,0.47058823529411764,0.058823529411764705,8.0,0.5867768595041323,0.704225352112676,0.52,0.628099173553719,0.7692307692307693,0.8235294117647058,ATP,12 month,hard,1.0,0.35294117647058826,0.11764705882352941,0.6699029126213593,0.23188405797101452,0.4117647058823529,0.2912621359223301,0.25,0.9411764705882353
41280,22263,Alexander Bublik,15.0,0.9020618556701031,0.29896907216494845,3.0172413793103448,0.6441368078175895,0.7711757269279393,0.5263157894736842,0.6840390879478827,0.7123287671232876,0.8917525773195877,ATP,12 month,hard,15.0,0.6580310880829016,0.20725388601036268,0.6254098360655738,0.2608125819134993,0.4529540481400438,0.3327868852459016,0.43478260869565216,0.844559585492228
41520,122570,Mubarak Shannan Zayid,1.0,0.0,0.8571428571428571,0.0,0.55,0.4090909090909091,0.3333333333333333,0.375,0.6666666666666666,0.7142857142857143,ATP,12 month,hard,1.0,0.7142857142857143,0.14285714285714285,0.675,0.14814814814814814,0.3846153846153846,0.22499999999999998,0.0,1.0
41619,22601,Juan Pablo Varillas,1.0,0.3333333333333333,0.1111111111111111,3.0,0.5660377358490566,0.6,0.782608695652174,0.6792452830188679,0.6923076923076923,0.5555555555555556,ATP,12 month,hard,1.0,0.6666666666666666,0.0,0.48,0.29166666666666663,0.34615384615384615,0.31999999999999995,0.2,0.8888888888888888
41859,63223,Andres Martin,1.0,0.0,0.16666666666666666,0.0,0.7058823529411765,0.2916666666666667,0.2,0.2647058823529412,0.0,0.0,ATP,12 month,hard,1.0,0.3333333333333333,0.0,0.5483870967741935,0.17647058823529416,0.2142857142857143,0.19354838709677424,,1.0
42705,23687,Daniel Elahi Galan,1.0,0.5,0.16666666666666666,3.0,0.6935483870967742,0.6046511627906976,0.5263157894736842,0.5806451612903226,0.6,0.6666666666666666,ATP,12 month,hard,1.0,0.8571428571428571,0.0,0.6666666666666666,0.21875,0.5625,0.33333333333333337,1.0,0.8571428571428571
42778,23760,Jan Choinski,8.0,0.4105263157894737,0.16842105263157894,2.4375,0.6333333333333333,0.7026315789473684,0.5136363636363637,0.6333333333333333,0.625,0.8421052631578947,ATP,12 month,hard,8.0,0.8152173913043478,0.20652173913043478,0.6157804459691252,0.23119777158774368,0.46875,0.3224699828473413,0.37037037037037035,0.8913043478260869
42933,23915,Nerman Fatic,1.0,0.875,0.25,3.5,0.7209302325581395,0.5806451612903226,0.16666666666666666,0.46511627906976744,0.4444444444444444,0.375,ATP,12 month,hard,1.0,0.42857142857142855,0.0,0.7555555555555555,0.3529411764705882,0.2727272727272727,0.33333333333333337,1.0,0.8571428571428571
43029,24011,Pedro Martinez,2.0,0.13043478260869565,0.30434782608695654,0.42857142857142855,0.673202614379085,0.6310679611650486,0.44,0.5686274509803921,0.5333333333333333,0.6956521739130435,ATP,12 month,hard,2.0,1.3333333333333333,0.047619047619047616,0.7213114754098361,0.125,0.2941176470588235,0.17213114754098358,0.0,1.0
43066,24048,Sebastian Ofner,3.0,0.7777777777777778,0.2777777777777778,2.8,0.652542372881356,0.7337662337662337,0.47560975609756095,0.6440677966101694,0.75,0.8888888888888888,ATP,12 month,hard,3.0,0.6285714285714286,0.22857142857142856,0.6666666666666666,0.2571428571428571,0.41428571428571426,0.30952380952380953,0.5,0.8857142857142857
43136,24118,Alexandre Muller,6.0,0.34523809523809523,0.16666666666666666,2.0714285714285716,0.6868884540117417,0.6723646723646723,0.475,0.6105675146771037,0.5102040816326531,0.7142857142857143,ATP,12 month,hard,6.0,0.8690476190476191,0.023809523809523808,0.671875,0.2732558139534884,0.41666666666666663,0.3203125,0.4,0.8333333333333334
43137,24119,Reilly Opelka,6.0,1.8202247191011236,0.30337078651685395,6.0,0.7419354838709677,0.8107416879795396,0.5808823529411765,0.7514231499051234,0.8181818181818182,0.9550561797752809,ATP,12 month,hard,6.0,0.5054945054945055,0.13186813186813187,0.7054409005628518,0.20744680851063835,0.445859872611465,0.27767354596622884,0.32,0.9120879120879121
45044,25997,Andrey Rublev,14.0,0.6136363636363636,0.17045454545454544,3.6,0.6510516252390057,0.775330396475771,0.5287671232876713,0.6892925430210325,0.7272727272727273,0.8977272727272727,ATP,12 month,hard,14.0,0.5964912280701754,0.1871345029239766,0.6378708551483421,0.31326949384404923,0.5036144578313253,0.38219895287958117,0.3877551020408163,0.7777777777777778
45056,26009,Ryan Peniston,1.0,0.14285714285714285,0.42857142857142855,0.3333333333333333,0.6862745098039216,0.45714285714285713,0.1875,0.37254901960784315,0.25,0.14285714285714285,ATP,12 month,hard,1.0,0.2857142857142857,0.14285714285714285,0.6545454545454545,0.33333333333333337,0.5263157894736843,0.4,0.14285714285714285,0.8571428571428571
45077,26030,Benjamin Bonzi,5.0,0.3561643835616438,0.273972602739726,1.3,0.6225165562913907,0.6914893617021277,0.5029239766081871,0.6203090507726269,0.6363636363636364,0.7808219178082192,ATP,12 month,hard,5.0,0.676056338028169,0.2535211267605634,0.6282608695652174,0.2906574394463668,0.45029239766081874,0.35,0.325,0.8169014084507042
45079,26032,Billy Harris,6.0,0.37142857142857144,0.08571428571428572,4.333333333333333,0.5781990521327014,0.6926229508196722,0.5,0.6113744075829384,0.6,0.7714285714285715,ATP,12 month,hard,6.0,0.7761194029850746,0.23880597014925373,0.6539325842696629,0.21993127147766323,0.525974025974026,0.3258426966292135,0.2,0.9253731343283582
45153,26106,Taylor Fritz,11.0,1.2452830188679245,0.1069182389937107,11.647058823529411,0.7145833333333333,0.7959183673469388,0.49635036496350365,0.7104166666666667,0.7058823529411765,0.9056603773584906,ATP,12 month,hard,11.0,0.7222222222222222,0.1419753086419753,0.6464354527938343,0.2682563338301043,0.4604904632152589,0.3362235067437379,0.29577464788732394,0.8703703703703703
45155,26108,Tommy Paul,16.0,0.6868686868686869,0.10101010101010101,6.8,0.6283333333333333,0.7877984084880637,0.5717488789237668,0.7075,0.6851851851851852,0.9141414141414141,ATP,12 month,hard,16.0,0.5960591133004927,0.19704433497536947,0.6477449455676516,0.2881152460984394,0.5253863134657837,0.3716951788491446,0.3829787234042553,0.8226600985221675
45156,26109,Alex Rybakov,1.0,0.1111111111111111,0.1111111111111111,1.0,0.7254901960784313,0.5405405405405406,0.6428571428571429,0.5686274509803921,0.625,0.6666666666666666,ATP,12 month,hard,1.0,0.875,0.125,0.6851851851851852,0.16216216216216217,0.5294117647058824,0.2777777777777778,,1.0
45157,26110,Frances Tiafoe,13.0,0.5535714285714286,0.08333333333333333,6.642857142857143,0.6180904522613065,0.7479674796747967,0.5447368421052632,0.6703517587939698,0.6,0.8452380952380952,ATP,12 month,hard,13.0,0.8353658536585366,0.24390243902439024,0.6568627450980392,0.26716417910447765,0.5228571428571429,0.3549019607843137,0.4166666666666667,0.8170731707317073
45164,26117,Alejandro Tabilo,6.0,0.5714285714285714,0.11688311688311688,4.888888888888889,0.6557017543859649,0.7324414715719063,0.47770700636942676,0.6447368421052632,0.48484848484848486,0.7792207792207793,ATP,12 month,hard,6.0,0.6923076923076923,0.2564102564102564,0.625,0.26315789473684215,0.4970760233918129,0.3508771929824561,0.42857142857142855,0.8076923076923077
45189,26142,Arthur Rinderknech,8.0,0.8411214953271028,0.12149532710280374,6.923076923076923,0.6826783114992722,0.7526652452025586,0.4908256880733945,0.6695778748180495,0.6585365853658537,0.8691588785046729,ATP,12 month,hard,8.0,0.4095238095238095,0.13333333333333333,0.676923076923077,0.2295454545454545,0.3952380952380953,0.2830769230769231,0.375,0.9142857142857143
45290,26243,Viktor Durasovic,2.0,0.15789473684210525,0.15789473684210525,1.0,0.6545454545454545,0.5555555555555556,0.5263157894736842,0.5454545454545454,0.36363636363636365,0.631578947368421,ATP,12 month,hard,2.0,0.6111111111111112,0.1111111111111111,0.6415094339622641,0.23529411764705888,0.3421052631578947,0.2735849056603774,1.0,0.8888888888888888
45359,26312,Hugo Grenier,7.0,0.5,0.2631578947368421,1.9,0.6442105263157895,0.696078431372549,0.4378698224852071,0.6042105263157894,0.5348837209302325,0.7368421052631579,ATP,12 month,hard,7.0,0.4931506849315068,0.2191780821917808,0.634,0.3028391167192429,0.46448087431693985,0.362,0.3137254901960784,0.7808219178082192
45454,26407,Andrea Pellegrino,1.0,0.5714285714285714,0.2857142857142857,2.0,0.6292134831460674,0.5714285714285714,0.42424242424242425,0.5168539325842697,0.5714285714285714,0.5714285714285714,ATP,12 month,hard,1.0,0.38461538461538464,0.46153846153846156,0.6436781609195402,0.3392857142857143,0.4838709677419355,0.3908045977011494,0.5,0.6923076923076923
45473,26426,Bernabe Zapata Miralles,1.0,0.14285714285714285,0.14285714285714285,1.0,0.717948717948718,0.5,0.18181818181818182,0.41025641025641024,0.0,0.2857142857142857,ATP,12 month,hard,1.0,0.5714285714285714,0.2857142857142857,0.5,0.05882352941176472,0.23529411764705888,0.1470588235294118,,1.0
45485,26438,Carlos Taberner,2.0,0.09523809523809523,0.7142857142857143,0.13333333333333333,0.6062992125984252,0.6103896103896104,0.36,0.5118110236220472,0.375,0.5238095238095238,ATP,12 month,hard,2.0,0.9523809523809523,0.19047619047619047,0.6160714285714286,0.17391304347826086,0.39534883720930236,0.2589285714285714,1.0,0.9523809523809523
45505,26459,Tung Lin Wu,1.0,0.3333333333333333,0.1111111111111111,3.0,0.8913043478260869,0.8780487804878049,0.8,0.8695652173913043,,1.0,ATP,12 month,hard,1.0,0.3,0.2,0.8653846153846154,0.3555555555555555,0.7142857142857143,0.40384615384615385,0.5,0.8
45602,26555,Jay Clarke,1.0,0.1111111111111111,0.0,,0.9733333333333334,0.5616438356164384,0.5,0.56,0.7272727272727273,0.6666666666666666,ATP,12 month,hard,1.0,0.8888888888888888,0.3333333333333333,0.9393939393939394,0.3548387096774194,0.75,0.3787878787878788,0.0,1.0
45613,26566,Juan Pablo Ficovich,2.0,0.2222222222222222,0.3333333333333333,0.6666666666666666,0.5877192982456141,0.5522388059701493,0.3829787234042553,0.4824561403508772,0.375,0.4444444444444444,ATP,12 month,hard,2.0,0.47058823529411764,0.29411764705882354,0.7699115044247787,0.29885057471264365,0.5384615384615384,0.35398230088495575,0.3,0.8235294117647058
45724,26677,Stefanos Tsitsipas,11.0,0.7692307692307693,0.23846153846153847,3.225806451612903,0.6276202219482121,0.8113948919449901,0.5198675496688742,0.7028360049321825,0.7307692307692307,0.9307692307692308,ATP,12 month,hard,11.0,0.35036496350364965,0.24817518248175183,0.6397306397306397,0.2912280701754386,0.4672897196261683,0.3546576879910214,0.2571428571428571,0.8686131386861314
45796,26749,Aleksandar Vukic,11.0,0.5819672131147541,0.1557377049180328,3.736842105263158,0.5911392405063292,0.6895074946466809,0.5263157894736842,0.6227848101265823,0.5357142857142857,0.7868852459016393,ATP,12 month,hard,11.0,0.8099173553719008,0.256198347107438,0.611336032388664,0.21412803532008828,0.4409722222222222,0.3022941970310391,0.3888888888888889,0.8842975206611571
45902,65497,Soon Woo Kwon,1.0,0.7333333333333333,0.2,3.6666666666666665,0.6296296296296297,0.7843137254901961,0.4666666666666667,0.6666666666666666,0.625,0.8,ATP,12 month,hard,1.0,0.5714285714285714,0.07142857142857142,0.5274725274725275,0.3125,0.5116279069767442,0.4065934065934066,0.8333333333333334,0.6428571428571429
45914,26867,Vitaliy Sachko,5.0,0.4444444444444444,0.25925925925925924,1.7142857142857142,0.6561514195583596,0.625,0.4954128440366973,0.580441640378549,0.43333333333333335,0.6851851851851852,ATP,12 month,hard,5.0,0.6792452830188679,0.16981132075471697,0.6114285714285714,0.3411214953271028,0.4191176470588235,0.37142857142857144,0.30303030303030304,0.8113207547169812
46107,27059,Daniel Altmaier,5.0,0.7441860465116279,0.32558139534883723,2.2857142857142856,0.6143790849673203,0.6223404255319149,0.3474576271186441,0.5163398692810458,0.475,0.5116279069767442,ATP,12 month,hard,5.0,0.8444444444444444,0.17777777777777778,0.6477732793522267,0.16249999999999998,0.4367816091954023,0.2591093117408907,0.6,0.9333333333333333
46710,27662,Lukas Klein,3.0,0.25,0.2,1.25,0.6925566343042071,0.705607476635514,0.4421052631578947,0.6245954692556634,0.8064516129032258,0.85,ATP,12 month,hard,3.0,0.38095238095238093,0.14285714285714285,0.6832740213523132,0.30729166666666663,0.550561797752809,0.38434163701067614,0.2571428571428571,0.7857142857142857
46984,27936,Hubert Hurkacz,5.0,1.0,0.18421052631578946,5.428571428571429,0.6430107526881721,0.8060200668896321,0.4939759036144578,0.6946236559139785,0.6818181818181818,0.9078947368421053,ATP,12 month,hard,5.0,0.8533333333333334,0.24,0.6568627450980392,0.22388059701492535,0.4342857142857143,0.29607843137254897,0.15384615384615385,0.9466666666666667
48764,129814,Ivan Ivanov,1.0,0.0,0.375,0.0,0.6585365853658537,0.5185185185185185,0.5,0.5121951219512195,0.42857142857142855,0.5,ATP,12 month,hard,1.0,0.375,0.375,0.5555555555555556,0.040000000000000036,0.5,0.24444444444444446,0.0,1.0
50884,31829,Andrea Vavassori,7.0,0.7536231884057971,0.2463768115942029,3.0588235294117645,0.6521739130434783,0.7733333333333333,0.53125,0.6891304347826087,0.7307692307692307,0.8985507246376812,ATP,12 month,hard,7.0,0.5416666666666666,0.16666666666666666,0.624113475177305,0.25,0.4528301886792453,0.3262411347517731,0.47619047619047616,0.8611111111111112
51233,32178,Lorenzo Sonego,4.0,0.574468085106383,0.2127659574468085,2.7,0.6725352112676056,0.7068062827225131,0.4946236559139785,0.6373239436619719,0.6551724137931034,0.7872340425531915,ATP,12 month,hard,4.0,0.24444444444444444,0.4,0.6334405144694534,0.3451776649746193,0.48245614035087714,0.39549839228295824,0.41379310344827586,0.7333333333333333
51636,32581,Nuno Borges,10.0,0.5263157894736842,0.15037593984962405,3.5,0.7165532879818595,0.7009493670886076,0.488,0.6405895691609977,0.6153846153846154,0.8120300751879699,ATP,12 month,hard,10.0,0.6183206106870229,0.10687022900763359,0.6645885286783042,0.25703564727954975,0.4052044609665427,0.30673316708229426,0.375,0.8854961832061069
52107,133157,Daniel Silva,1.0,0.2222222222222222,0.0,,0.6349206349206349,0.775,0.43478260869565216,0.6507936507936508,1.0,1.0,ATP,12 month,hard,1.0,0.2222222222222222,0.1111111111111111,0.6122448979591837,0.30000000000000004,0.5789473684210527,0.40816326530612246,0.6,0.6666666666666666
52247,33193,Yosuke Watanuki,2.0,0.6923076923076923,0.34615384615384615,2.0,0.6392405063291139,0.7326732673267327,0.49122807017543857,0.6455696202531646,0.25,0.7692307692307693,ATP,12 month,hard,2.0,0.5185185185185185,0.1111111111111111,0.7619047619047619,0.3472222222222222,0.6,0.40740740740740744,0.2857142857142857,0.7777777777777778
52288,133338,Rohit Sarwate,2.0,0.22727272727272727,0.22727272727272727,1.0,0.6521739130434783,0.6111111111111112,0.4791666666666667,0.5652173913043478,0.4666666666666667,0.6363636363636364,ATP,12 month,hard,2.0,0.36363636363636365,0.09090909090909091,0.6357615894039735,0.34375,0.5272727272727273,0.4105960264900662,0.29411764705882354,0.7727272727272727
52380,33325,Denis Shapovalov,8.0,0.8829787234042553,0.23404255319148937,3.772727272727273,0.5958188153310104,0.7368421052631579,0.5560344827586207,0.6637630662020906,0.6304347826086957,0.8191489361702128,ATP,12 month,hard,8.0,0.24210526315789474,0.18947368421052632,0.6693811074918566,0.2944038929440389,0.49753694581280783,0.3615635179153095,0.3333333333333333,0.8210526315789474
52432,133482,Juan Ignacio Araoz,1.0,0.3333333333333333,0.2222222222222222,1.5,0.5964912280701754,0.7647058823529411,0.34782608695652173,0.5964912280701754,0.5,0.7777777777777778,ATP,12 month,hard,1.0,0.0,0.4444444444444444,0.6363636363636364,0.47619047619047616,0.5833333333333333,0.5151515151515151,0.5,0.4444444444444444
52925,33871,Benjamin Hassan,4.0,0.4666666666666667,0.15555555555555556,3.0,0.703971119133574,0.6717948717948717,0.4634146341463415,0.6101083032490975,0.6666666666666666,0.8222222222222222,ATP,12 month,hard,4.0,0.4186046511627907,0.16279069767441862,0.6956521739130435,0.21590909090909094,0.4415584415584416,0.2845849802371542,0.2857142857142857,0.9069767441860465
53279,34225,Blake Ellis,1.0,0.6923076923076923,0.07692307692307693,9.0,0.7816091954022989,0.6176470588235294,0.42105263157894735,0.5747126436781609,0.5,0.6923076923076923,ATP,12 month,hard,1.0,0.6923076923076923,0.46153846153846156,0.7931034482758621,0.3188405797101449,0.5555555555555556,0.367816091954023,0.2,0.9230769230769231
53407,34353,Nicolas Moreno De Alboran,2.0,0.3076923076923077,0.15384615384615385,2.0,0.6466165413533834,0.7441860465116279,0.574468085106383,0.6842105263157895,0.7142857142857143,0.9230769230769231,ATP,12 month,hard,2.0,0.6666666666666666,0.16666666666666666,0.7,0.18095238095238098,0.48888888888888893,0.2733333333333333,0.2,0.9583333333333334
53720,34666,Casper Ruud,7.0,0.7358490566037735,0.1509433962264151,4.875,0.6769456681350955,0.7331887201735358,0.5318181818181819,0.6681350954478708,0.7209302325581395,0.8867924528301887,ATP,12 month,hard,7.0,0.6355140186915887,0.205607476635514,0.6058631921824105,0.2446236559139785,0.42148760330578516,0.3143322475570033,0.3170731707317073,0.8785046728971962
53818,34764,Tallon Griekspoor,12.0,0.9,0.21666666666666667,4.153846153846154,0.6644113667117727,0.7535641547861507,0.5806451612903226,0.6955345060893099,0.6585365853658537,0.8833333333333333,ATP,12 month,hard,12.0,1.05,0.175,0.6464088397790055,0.21153846153846156,0.4921875,0.3107734806629834,0.41935483870967744,0.8916666666666667
59106,140174,Lars Nelson,1.0,0.6666666666666666,0.06666666666666667,10.0,0.6354166666666666,0.7213114754098361,0.5428571428571428,0.65625,0.6666666666666666,0.8,ATP,12 month,hard,1.0,0.1875,0.0625,0.8198198198198198,0.37362637362637363,0.25,0.3513513513513513,0.16666666666666666,0.9375
59610,140683,Benjamin Lundell,1.0,0.4375,0.3125,1.4,0.5980392156862745,0.6721311475409836,0.4878048780487805,0.5980392156862745,0.4444444444444444,0.6875,ATP,12 month,hard,1.0,0.0625,0.0625,0.61,0.34426229508196726,0.6153846153846154,0.44999999999999996,0.6,0.625
60157,141243,Kazuaki Akiyama,1.0,0.8666666666666667,0.2,4.333333333333333,0.6483516483516484,0.7966101694915254,0.46875,0.6813186813186813,0.6,0.8666666666666667,ATP,12 month,hard,1.0,0.5333333333333333,0.13333333333333333,0.6179775280898876,0.23636363636363633,0.4411764705882353,0.3146067415730337,0.5,0.8
60992,142083,Paul Birkett,1.0,0.75,0.0,,0.5769230769230769,0.6666666666666666,0.45454545454545453,0.5769230769230769,0.5,0.75,ATP,12 month,hard,1.0,0.25,0.25,0.7037037037037037,0.1578947368421053,0.75,0.33333333333333337,,1.0
62121,143212,Marc Lucero,1.0,0.6,0.0,,0.6724137931034483,0.7692307692307693,0.631578947368421,0.7241379310344828,1.0,1.0,ATP,12 month,hard,1.0,0.7,0.2,0.7169811320754716,0.2894736842105263,0.33333333333333337,0.30188679245283023,0.4,0.8
63551,44483,Tomas Barrios Vera,5.0,0.26785714285714285,0.17857142857142858,1.5,0.76,0.6456140350877193,0.5777777777777777,0.6293333333333333,0.5666666666666667,0.7678571428571429,ATP,12 month,hard,5.0,0.36363636363636365,0.2545454545454545,0.717948717948718,0.3412698412698413,0.4545454545454546,0.37321937321937326,0.39285714285714285,0.8
63554,44486,Zdenek Kolar,1.0,0.1111111111111111,0.5555555555555556,0.2,0.66,0.7878787878787878,0.29411764705882354,0.62,0.625,0.6666666666666666,ATP,12 month,hard,1.0,0.75,0.375,0.6727272727272727,0.21621621621621623,0.33333333333333337,0.2545454545454545,0.0,1.0
63593,44525,Alex Molcan,4.0,0.2558139534883721,0.11627906976744186,2.2,0.7638888888888888,0.65,0.6764705882352942,0.65625,0.35714285714285715,0.7906976744186046,ATP,12 month,hard,4.0,0.8409090909090909,0.13636363636363635,0.694980694980695,0.25,0.4683544303797469,0.31660231660231664,0.3333333333333333,0.8636363636363636
63628,44560,Jaume Munar,8.0,0.5309734513274337,0.18584070796460178,2.857142857142857,0.6073529411764705,0.7554479418886199,0.5617977528089888,0.6794117647058824,0.6046511627906976,0.8495575221238938,ATP,12 month,hard,8.0,0.34210526315789475,0.22807017543859648,0.6046195652173914,0.2921348314606742,0.4501718213058419,0.35461956521739135,0.3548387096774194,0.8070175438596491
63659,44591,Lloyd Harris,1.0,0.3125,0.0,,0.7848101265822784,0.7258064516129032,0.6470588235294118,0.7088607594936709,0.25,0.8125,ATP,12 month,hard,1.0,0.2,0.13333333333333333,0.8034188034188035,0.34042553191489366,0.4347826086956522,0.3589743589743589,0.14285714285714285,0.9333333333333333
63723,44655,Eero Vasa,1.0,0.4444444444444444,0.5555555555555556,0.8,0.5686274509803921,0.6896551724137931,0.5,0.6078431372549019,0.4,0.6666666666666666,ATP,12 month,hard,1.0,0.7777777777777778,0.2222222222222222,0.5625,0.07407407407407407,0.38095238095238093,0.20833333333333337,0.0,1.0
63730,44662,Genaro Alberto Olivieri,1.0,0.0,0.2222222222222222,0.0,0.9230769230769231,0.5833333333333334,0.25,0.5576923076923077,0.5,0.6666666666666666,ATP,12 month,hard,1.0,0.25,0.125,0.875,0.16666666666666663,0.6666666666666667,0.22916666666666663,0.0,1.0
63777,44709,Tomas Martin Etcheverry,6.0,0.6770833333333334,0.09375,7.222222222222222,0.6469565217391304,0.760752688172043,0.6305418719211823,0.7147826086956521,0.6451612903225806,0.8854166666666666,ATP,12 month,hard,6.0,0.6082474226804123,0.13402061855670103,0.6766091051805337,0.2807424593967517,0.4563106796116505,0.33751962323390894,0.30612244897959184,0.845360824742268
63778,44710,Federico Agustin Gomez,1.0,0.42857142857142855,0.14285714285714285,3.0,0.5609756097560976,0.6956521739130435,0.3611111111111111,0.5487804878048781,0.3333333333333333,0.7142857142857143,ATP,12 month,hard,1.0,0.3333333333333333,0.3333333333333333,0.6071428571428571,0.27450980392156865,0.48484848484848486,0.3571428571428571,0.6,0.8
63803,44735,Corentin Moutet,5.0,0.3384615384615385,0.3230769230769231,1.0476190476190477,0.625,0.6321428571428571,0.5178571428571429,0.5892857142857143,0.6326530612244898,0.7230769230769231,ATP,12 month,hard,5.0,0.49230769230769234,0.12307692307692308,0.6929133858267716,0.28787878787878785,0.5726495726495726,0.37532808398950135,0.6521739130434783,0.7692307692307693
63880,44812,Geoffrey Blancaneaux,2.0,0.64,0.32,2.0,0.6459627329192547,0.7403846153846154,0.47368421052631576,0.6459627329192547,0.7142857142857143,0.84,ATP,12 month,hard,2.0,0.7083333333333334,0.16666666666666666,0.7152317880794702,0.25,0.39534883720930236,0.29139072847682124,0.2857142857142857,0.9166666666666666
67587,48460,Henry Bernet,1.0,0.8666666666666667,0.2,4.333333333333333,0.6363636363636364,0.7142857142857143,0.375,0.5909090909090909,0.42857142857142855,0.7333333333333333,ATP,12 month,hard,1.0,0.4,0.0,0.7961165048543689,0.30487804878048785,0.6190476190476191,0.3689320388349514,0.6666666666666666,0.7333333333333333
68190,49056,Nicolai Budkov Kjaer,7.0,0.5180722891566265,0.12048192771084337,4.3,0.73046875,0.6951871657754011,0.5072463768115942,0.64453125,0.5405405405405406,0.7951807228915663,ATP,12 month,hard,7.0,0.8554216867469879,0.25301204819277107,0.7006109979633401,0.24127906976744184,0.4965986394557823,0.3177189409368636,0.38235294117647056,0.8433734939759037
71211,52048,Felix Auger Aliassime,14.0,0.9931972789115646,0.1836734693877551,5.407407407407407,0.6833333333333333,0.8101045296167247,0.5526315789473685,0.7285714285714285,0.7142857142857143,0.9455782312925171,ATP,12 month,hard,14.0,0.5862068965517241,0.14482758620689656,0.6418367346938776,0.3068362480127186,0.4843304843304843,0.3704081632653061,0.4027777777777778,0.8
71216,52053,Ugo Humbert,16.0,0.6282722513089005,0.20418848167539266,3.076923076923077,0.6263463131731566,0.7592592592592593,0.5543237250554324,0.6826843413421707,0.7619047619047619,0.8952879581151832,ATP,12 month,hard,16.0,0.48205128205128206,0.24102564102564103,0.6559139784946236,0.2635561160151324,0.4903846153846154,0.3416046319272126,0.35064935064935066,0.8615384615384616
71219,52056,Alexis Galarneau,3.0,0.4482758620689655,0.4482758620689655,1.0,0.6,0.7280701754385965,0.4868421052631579,0.631578947368421,0.5,0.8275862068965517,ATP,12 month,hard,3.0,0.36666666666666664,0.23333333333333334,0.6632124352331606,0.2890625,0.5538461538461539,0.37823834196891193,0.38461538461538464,0.8333333333333334
71270,52107,Yibing Wu,13.0,0.4066666666666667,0.15333333333333332,2.652173913043478,0.6400414937759336,0.7163695299837926,0.521613832853026,0.6462655601659751,0.7027027027027027,0.8533333333333334,ATP,12 month,hard,13.0,0.5197368421052632,0.19736842105263158,0.6488625123639961,0.3475609756097561,0.5014084507042254,0.4015825914935707,0.43478260869565216,0.7368421052631579
71307,,Dragos Nicolae Madaras,1.0,0.2,0.1,2.0,0.76,0.5789473684210527,0.75,0.62,0.0,0.8,ATP,12 month,hard,1.0,0.8888888888888888,0.3333333333333333,0.6964285714285714,0.17948717948717952,0.3529411764705882,0.2321428571428571,,1.0
71327,52164,Camilo Ugo Carabelli,4.0,0.3409090909090909,0.3181818181818182,1.0714285714285714,0.6151202749140894,0.6927374301675978,0.4375,0.5945017182130584,0.5384615384615384,0.7272727272727273,ATP,12 month,hard,4.0,0.46511627906976744,0.20930232558139536,0.6273764258555133,0.23030303030303034,0.3979591836734694,0.2927756653992395,0.5,0.8837209302325582
71386,52223,Miomir Kecmanovic,14.0,0.5721925133689839,0.1497326203208556,3.8214285714285716,0.6534740545294635,0.7671601615074024,0.5482233502538071,0.6912928759894459,0.6065573770491803,0.8716577540106952,ATP,12 month,hard,14.0,0.8359788359788359,0.21693121693121692,0.6518010291595198,0.2421052631578947,0.5295566502463054,0.3421955403087479,0.42028985507246375,0.8465608465608465
71399,52236,Matteo Martineau,1.0,0.8181818181818182,0.09090909090909091,9.0,0.7222222222222222,0.7884615384615384,0.45,0.6944444444444444,0.8,0.9090909090909091,ATP,12 month,hard,1.0,1.1818181818181819,0.36363636363636365,0.5949367088607594,0.19148936170212771,0.4375,0.2911392405063291,0.0,1.0
71432,52269,Alejandro Davidovich Fokina,12.0,0.38,0.12,3.1666666666666665,0.7144408251900108,0.7203647416413373,0.5399239543726235,0.6688382193268186,0.6428571428571429,0.8666666666666667,ATP,12 month,hard,12.0,0.9455782312925171,0.20408163265306123,0.654485049833887,0.2504230118443317,0.516025641025641,0.34219269102990035,0.4482758620689655,0.8231292517006803
71470,52307,Ugo Blanchet,5.0,0.5660377358490566,0.3584905660377358,1.5789473684210527,0.5210526315789473,0.7424242424242424,0.532967032967033,0.6421052631578947,0.6538461538461539,0.8301886792452831,ATP,12 month,hard,5.0,0.9636363636363636,0.14545454545454545,0.6699029126213593,0.2657004830917874,0.4901960784313726,0.3398058252427184,0.6666666666666666,0.7818181818181819
71478,52315,Zizou Bergs,5.0,0.7272727272727273,0.30303030303030304,2.4,0.6118721461187214,0.6977611940298507,0.5529411764705883,0.6415525114155252,0.5862068965517241,0.8181818181818182,ATP,12 month,hard,5.0,0.6923076923076923,0.2153846153846154,0.6602409638554216,0.1970802919708029,0.4822695035460993,0.2939759036144578,0.18181818181818182,0.9384615384615385
71481,,Alex Knaff,1.0,0.3,0.0,,0.6078431372549019,0.8387096774193549,0.8,0.8235294117647058,0.0,0.9,ATP,12 month,hard,1.0,0.4,0.7,0.5526315789473685,0.30952380952380953,0.5882352941176471,0.4342105263157895,0.5,0.7
71484,52321,Hady Habib,2.0,0.35294117647058826,0.47058823529411764,0.75,0.6923076923076923,0.5694444444444444,0.375,0.5096153846153846,0.42857142857142855,0.5294117647058824,ATP,12 month,hard,2.0,0.5882352941176471,0.23529411764705882,0.8383838383838383,0.28915662650602414,0.4375,0.31313131313131315,0.5,0.9411764705882353
71493,52330,Alex De Minaur,10.0,0.368,0.176,2.090909090909091,0.6384105960264901,0.7427385892116183,0.5860805860805861,0.686092715231788,0.6904761904761905,0.896,ATP,12 month,hard,10.0,0.5161290322580645,0.33064516129032256,0.6002386634844868,0.35188866799204777,0.5313432835820895,0.42362768496420045,0.4642857142857143,0.6854838709677419
71508,,Aziz Ouakaa,1.0,0.0,0.25,0.0,0.5869565217391305,0.4444444444444444,0.47368421052631576,0.45652173913043476,0.2857142857142857,0.375,ATP,12 month,hard,1.0,0.375,0.25,0.7884615384615384,0.31707317073170727,0.36363636363636365,0.32692307692307687,0.3333333333333333,0.875
71529,52366,Yu Hsiou Hsu,1.0,0.42857142857142855,0.07142857142857142,6.0,0.7283950617283951,0.7288135593220338,0.36363636363636365,0.6296296296296297,0.5,0.7857142857142857,ATP,12 month,hard,1.0,0.5714285714285714,0.14285714285714285,0.6559139784946236,0.29508196721311475,0.5,0.3655913978494624,0.3333333333333333,0.8571428571428571
71595,52432,Hugo Gaston,6.0,0.3384615384615385,0.24615384615384617,1.375,0.5727069351230425,0.69921875,0.46596858638743455,0.5995525727069351,0.5909090909090909,0.7230769230769231,ATP,12 month,hard,6.0,0.6268656716417911,0.14925373134328357,0.5701357466063348,0.2420634920634921,0.531578947368421,0.36651583710407243,0.25,0.8507462686567164
71596,52433,Dan Added,1.0,0.4444444444444444,0.2222222222222222,2.0,0.6031746031746031,0.6578947368421053,0.4,0.5555555555555556,0.4,0.6666666666666666,ATP,12 month,hard,1.0,0.7777777777777778,0.4444444444444444,0.6538461538461539,0.11764705882352944,0.5555555555555556,0.2692307692307693,,1.0
71627,52464,August Holmgren,2.0,0.43478260869565216,0.08695652173913043,5.0,0.6985294117647058,0.631578947368421,0.43902439024390244,0.5735294117647058,0.4,0.6086956521739131,ATP,12 month,hard,2.0,0.782608695652174,0.2608695652173913,0.6558441558441559,0.306930693069307,0.39622641509433965,0.33766233766233766,0.21428571428571427,0.8695652173913043
71647,52484,Zsombor Piros,3.0,0.2727272727272727,0.21212121212121213,1.2857142857142858,0.6512605042016807,0.6129032258064516,0.46987951807228917,0.5630252100840336,0.6666666666666666,0.7272727272727273,ATP,12 month,hard,3.0,0.5625,0.09375,0.6547085201793722,0.23972602739726023,0.5064935064935066,0.3318385650224215,0.2777777777777778,0.84375
71654,52491,Adam Walton,10.0,0.6428571428571429,0.14285714285714285,4.5,0.6928374655647382,0.68389662027833,0.4977578475336323,0.6267217630853994,0.6379310344827587,0.8125,ATP,12 month,hard,10.0,0.7614678899082569,0.14678899082568808,0.6453055141579732,0.24480369515011546,0.4327731092436975,0.3114754098360656,0.3142857142857143,0.8990825688073395
71684,52521,Valentin Vacherot,10.0,0.9495798319327731,0.2605042016806723,3.6451612903225805,0.6693227091633466,0.7718253968253969,0.5381526104417671,0.6945551128818062,0.74,0.8907563025210085,ATP,12 month,hard,10.0,0.6470588235294118,0.2689075630252101,0.668010752688172,0.26961770623742454,0.47773279352226716,0.33870967741935487,0.4883720930232558,0.8235294117647058
71725,52562,Jurij Rodionov,4.0,0.7142857142857143,0.23809523809523808,3.0,0.7025089605734767,0.6632653061224489,0.43373493975903615,0.5949820788530465,0.56,0.7380952380952381,ATP,12 month,hard,4.0,0.3023255813953488,0.32558139534883723,0.6713780918727915,0.35789473684210527,0.6344086021505376,0.4487632508833922,0.47058823529411764,0.627906976744186
71727,52564,Patrick Kypson,11.0,0.6946564885496184,0.20610687022900764,3.3703703703703702,0.6609124537607891,0.753731343283582,0.5054545454545455,0.6695437731196054,0.7301587301587301,0.8702290076335878,ATP,12 month,hard,11.0,1.0833333333333333,0.17424242424242425,0.6365914786967418,0.24212598425196852,0.4620689655172414,0.3220551378446115,0.4318181818181818,0.8560606060606061
71749,200538,Matyas Fuele,1.0,0.0,0.3333333333333333,0.0,0.6551724137931034,0.5263157894736842,0.45,0.5,0.6363636363636364,0.5555555555555556,ATP,12 month,hard,1.0,0.75,0.0,0.66,0.1515151515151515,0.5294117647058824,0.28,0.2,0.875
71761,,Vladyslav Orlov,1.0,0.4,0.7,0.5714285714285714,0.5526315789473685,0.6904761904761905,0.4117647058823529,0.5657894736842105,0.5,0.7,ATP,12 month,hard,1.0,0.3,0.0,0.6078431372549019,0.16129032258064513,0.19999999999999996,0.17647058823529416,1.0,0.9
71798,52635,Brandon Holt,2.0,0.6333333333333333,0.06666666666666667,9.5,0.6650246305418719,0.7481481481481481,0.47058823529411764,0.6551724137931034,0.7142857142857143,0.8666666666666667,ATP,12 month,hard,2.0,0.5161290322580645,0.25806451612903225,0.5971563981042654,0.2936507936507936,0.48235294117647054,0.3696682464454977,0.23529411764705882,0.8709677419354839
71821,52658,Oliver Crawford,1.0,0.23076923076923078,0.15384615384615385,1.5,0.6623376623376623,0.5686274509803921,0.5769230769230769,0.5714285714285714,0.4444444444444444,0.6153846153846154,ATP,12 month,hard,1.0,0.5384615384615384,0.23076923076923078,0.7468354430379747,0.3220338983050848,0.7,0.4177215189873418,0.5,0.6923076923076923
71826,52663,Alexei Popyrin,8.0,0.8761904761904762,0.0380952380952381,23.0,0.6637168141592921,0.7573333333333333,0.5736842105263158,0.695575221238938,0.5517241379310345,0.8761904761904762,ATP,12 month,hard,8.0,0.68,0.23,0.6814310051107325,0.22250000000000003,0.4866310160427807,0.30664395229982966,0.4230769230769231,0.89
71835,52672,Sebastian Korda,13.0,0.8903225806451613,0.15483870967741936,5.75,0.6303162486368593,0.8166089965397924,0.5634218289085545,0.7230098146128681,0.631578947368421,0.9096774193548387,ATP,12 month,hard,13.0,0.5822784810126582,0.12658227848101267,0.6732766761095373,0.30995792426367463,0.4884393063583815,0.3682719546742209,0.35,0.8227848101265823
71858,52694,Sho Shimabukuro,12.0,0.7538461538461538,0.16153846153846155,4.666666666666667,0.5672215108834827,0.7878103837471784,0.5828402366863905,0.6991037131882202,0.6842105263157895,0.9076923076923077,ATP,12 month,hard,12.0,0.3228346456692913,0.23622047244094488,0.6546329723225031,0.3069852941176471,0.4564459930313589,0.35860409145607697,0.38235294117647056,0.7952755905511811
71922,52759,Nicolas Mejia,8.0,0.32941176470588235,0.07058823529411765,4.666666666666667,0.6475247524752475,0.7064220183486238,0.5449438202247191,0.6495049504950495,0.5,0.8,ATP,12 month,hard,8.0,0.4367816091954023,0.27586206896551724,0.6233009708737864,0.33333333333333337,0.4896907216494846,0.39223300970873787,0.41304347826086957,0.7816091954022989
71959,52796,Andres Andrade,1.0,0.9333333333333333,0.4,2.3333333333333335,0.47058823529411764,0.825,0.5555555555555556,0.6823529411764706,0.75,0.8666666666666667,ATP,12 month,hard,1.0,0.3333333333333333,0.06666666666666667,0.5697674418604651,0.26530612244897955,0.43243243243243246,0.33720930232558144,0.6,0.8
73269,54083,Thiago Agustin Tirante,7.0,0.8048780487804879,0.15853658536585366,5.076923076923077,0.5741935483870968,0.7565543071161048,0.5252525252525253,0.6580645161290323,0.4074074074074074,0.8048780487804879,ATP,12 month,hard,7.0,0.4567901234567901,0.18518518518518517,0.6065891472868217,0.31948881789137384,0.4630541871921182,0.375968992248062,0.4,0.7777777777777778
73286,54100,Adria Soriano Barrera,1.0,0.16666666666666666,0.3333333333333333,0.5,0.6338028169014085,0.7555555555555555,0.5769230769230769,0.6901408450704225,0.5,0.8333333333333334,ATP,12 month,hard,1.0,0.25,0.08333333333333333,0.8311688311688312,0.25,0.46153846153846156,0.2857142857142857,0.3333333333333333,0.9166666666666666
73314,54128,Francisco Cerundolo,5.0,0.38571428571428573,0.11428571428571428,3.375,0.6261261261261262,0.7410071942446043,0.5843373493975904,0.6824324324324325,0.5714285714285714,0.8285714285714286,ATP,12 month,hard,5.0,0.5068493150684932,0.1643835616438356,0.6768867924528302,0.28222996515679444,0.5401459854014599,0.36556603773584906,0.4864864864864865,0.7534246575342466
73315,54129,Sebastian Baez,7.0,0.25510204081632654,0.14285714285714285,1.7857142857142858,0.7828200972447326,0.639751552795031,0.5671641791044776,0.6239870340356564,0.6851851851851852,0.826530612244898,ATP,12 month,hard,7.0,0.8105263157894737,0.21052631578947367,0.6500802568218299,0.32345679012345674,0.5458715596330275,0.4012841091492777,0.4444444444444444,0.7052631578947368
73338,54152,Clement Tabur,3.0,0.4583333333333333,0.16666666666666666,2.75,0.639344262295082,0.7589743589743589,0.5181818181818182,0.6721311475409836,0.6363636363636364,0.8333333333333334,ATP,12 month,hard,3.0,1.1428571428571428,0.14285714285714285,0.6920731707317073,0.27312775330396477,0.49504950495049505,0.3414634146341463,0.3333333333333333,0.8571428571428571
73357,54171,Luka Pavlovic,4.0,0.9787234042553191,0.19148936170212766,5.111111111111111,0.5290322580645161,0.7378048780487805,0.4452054794520548,0.6,0.5769230769230769,0.7659574468085106,ATP,12 month,hard,4.0,0.4,0.37777777777777777,0.5483870967741935,0.2705882352941177,0.4285714285714286,0.3419354838709677,0.45,0.8
73472,54285,Otto Virtanen,6.0,1.1538461538461537,0.13846153846153847,8.333333333333334,0.6585365853658537,0.7613168724279835,0.5793650793650794,0.6991869918699187,0.6666666666666666,0.9076923076923077,ATP,12 month,hard,6.0,0.6031746031746031,0.30158730158730157,0.6354916067146283,0.33207547169811324,0.513157894736842,0.3980815347721822,0.4594594594594595,0.7301587301587301
73501,54314,Dhakshineswar Suresh,2.0,1.0909090909090908,0.18181818181818182,6.0,0.6212121212121212,0.8414634146341463,0.58,0.7424242424242424,1.0,1.0,ATP,12 month,hard,2.0,0.5454545454545454,0.36363636363636365,0.635036496350365,0.1839080459770115,0.5800000000000001,0.3284671532846716,0.2727272727272727,0.8636363636363636
73546,202335,Raphael Calzi,1.0,0.8,0.2,4.0,0.5614035087719298,0.71875,0.48,0.6140350877192983,0.6666666666666666,0.7,ATP,12 month,hard,1.0,0.4,0.8,0.5714285714285714,0.13888888888888884,0.6666666666666667,0.3650793650793651,0.3333333333333333,0.9
73596,54409,Jenson Brooksby,8.0,0.18604651162790697,0.22093023255813954,0.8421052631578947,0.650088809946714,0.6557377049180327,0.5329949238578681,0.6127886323268206,0.6111111111111112,0.8372093023255814,ATP,12 month,hard,8.0,0.5862068965517241,0.21839080459770116,0.7064220183486238,0.2675324675324675,0.48124999999999996,0.3302752293577982,0.2558139534883721,0.8735632183908046
76945,57678,Thiago Seyboth Wild,2.0,0.3333333333333333,0.14285714285714285,2.3333333333333335,0.6875,0.7272727272727273,0.625,0.6953125,0.6666666666666666,0.9047619047619048,ATP,12 month,hard,2.0,0.2727272727272727,0.09090909090909091,0.6416666666666667,0.18181818181818177,0.4651162790697675,0.2833333333333333,0.3,0.8636363636363636
77384,58117,Jannik Sinner,9.0,0.9098360655737705,0.09016393442622951,10.090909090909092,0.6816380449141347,0.7713178294573644,0.5933609958506224,0.714663143989432,0.75,0.9098360655737705,ATP,12 month,hard,9.0,0.4806201550387597,0.20155038759689922,0.6578282828282829,0.3013435700575816,0.5756457564575646,0.3952020202020202,0.36470588235294116,0.7596899224806202
77518,58251,Joao Lucas Reis Da Silva,2.0,0.3888888888888889,0.05555555555555555,7.0,0.6548672566371682,0.6081081081081081,0.41025641025641024,0.5398230088495575,0.46153846153846156,0.6111111111111112,ATP,12 month,hard,2.0,0.16666666666666666,0.3333333333333333,0.5982142857142857,0.17910447761194026,0.5111111111111111,0.3125,0.14285714285714285,0.9444444444444444
77710,58443,Aleksandar Kovacevic,12.0,1.1282051282051282,0.23717948717948717,4.756756756756757,0.6233766233766234,0.8229166666666666,0.5603448275862069,0.724025974025974,0.6296296296296297,0.9358974358974359,ATP,12 month,hard,12.0,1.10625,0.125,0.6507072905331882,0.18561872909698995,0.41744548286604366,0.2665941240478781,0.2926829268292683,0.925
77892,58625,Fabian Marozsan,12.0,0.3273809523809524,0.11904761904761904,2.75,0.6830398517145505,0.6933514246947082,0.5116959064327485,0.6357738646895273,0.569620253164557,0.7976190476190477,ATP,12 month,hard,12.0,0.6331360946745562,0.17751479289940827,0.6339869281045751,0.30486008836524303,0.47193877551020413,0.36601307189542487,0.36363636363636365,0.8106508875739645
77959,58691,Giulio Zeppieri,3.0,0.6764705882352942,0.3235294117647059,2.090909090909091,0.6956521739130435,0.70625,0.5142857142857142,0.6478260869565218,0.7142857142857143,0.8823529411764706,ATP,12 month,hard,3.0,0.5294117647058824,0.08823529411764706,0.7013574660633484,0.28387096774193543,0.4696969696969697,0.3393665158371041,0.4166666666666667,0.8529411764705882
77961,58693,Daniil Glinka,2.0,0.5416666666666666,0.16666666666666666,3.25,0.6056338028169014,0.6046511627906976,0.44642857142857145,0.5422535211267606,0.5,0.625,ATP,12 month,hard,2.0,0.2727272727272727,0.18181818181818182,0.6554054054054054,0.3298969072164949,0.5294117647058824,0.3986486486486487,0.35,0.6818181818181818
78100,58832,Clement Chidekh,2.0,0.25,0.40625,0.6153846153846154,0.6069868995633187,0.6330935251798561,0.4666666666666667,0.5676855895196506,0.6451612903225806,0.65625,ATP,12 month,hard,2.0,0.46875,0.4375,0.6412556053811659,0.32867132867132864,0.55,0.4080717488789237,0.36,0.71875
78115,58846,Gauthier Onclin,1.0,0.07142857142857142,0.42857142857142855,0.16666666666666666,0.6630434782608695,0.5901639344262295,0.6129032258064516,0.5978260869565217,0.0,0.7857142857142857,ATP,12 month,hard,1.0,1.5714285714285714,0.5714285714285714,0.7558139534883721,0.24615384615384617,0.7619047619047619,0.37209302325581395,0.4,0.8571428571428571
78120,58850,Brandon Nakashima,12.0,0.8333333333333334,0.05303030303030303,15.714285714285714,0.6921052631578948,0.7908745247148289,0.5470085470085471,0.7157894736842105,0.7,0.9318181818181818,ATP,12 month,hard,12.0,0.7761194029850746,0.21641791044776118,0.6642512077294686,0.2472727272727273,0.5071942446043165,0.3345410628019324,0.32075471698113206,0.8731343283582089
78341,59055,Matias Soto,1.0,0.25,0.16666666666666666,1.5,0.8387096774193549,0.6923076923076923,0.4666666666666667,0.6559139784946236,0.6,0.8333333333333334,ATP,12 month,hard,1.0,1.0833333333333333,0.4166666666666667,0.8279569892473119,0.2727272727272727,0.8125,0.3655913978494624,0.4,0.8333333333333334
78393,59106,Emilio Nava,7.0,0.8080808080808081,0.18181818181818182,4.444444444444445,0.6878980891719745,0.7384259259259259,0.5408163265306123,0.6767515923566879,0.7307692307692307,0.8585858585858586,ATP,12 month,hard,7.0,0.42574257425742573,0.22772277227722773,0.62,0.3052109181141439,0.46963562753036436,0.36769230769230765,0.39655172413793105,0.7722772277227723
78431,59144,Taha Baadi,1.0,0.0,0.2222222222222222,0.0,0.5238095238095238,0.6363636363636364,0.5,0.5714285714285714,0.0,0.6666666666666666,ATP,12 month,hard,1.0,0.125,0.0,0.6666666666666666,0.2777777777777778,0.2777777777777778,0.2777777777777778,,1.0
78579,301,Mert Alkaya,1.0,0.1,0.3,0.3333333333333333,0.5238095238095238,0.6666666666666666,0.5,0.5873015873015873,0.75,0.9,ATP,12 month,hard,1.0,0.3333333333333333,0.4444444444444444,0.576271186440678,0.17647058823529416,0.43999999999999995,0.288135593220339,0.0,1.0
78622,59335,Jesper De Jong,8.0,0.5051546391752577,0.27835051546391754,1.8148148148148149,0.5522620904836193,0.7090395480225988,0.4564459930313589,0.5959438377535101,0.49122807017543857,0.7010309278350515,ATP,12 month,hard,8.0,0.5588235294117647,0.21568627450980393,0.6188925081433225,0.25263157894736843,0.48290598290598286,0.3403908794788274,0.41025641025641024,0.8431372549019608
78705,59418,Dalibor Svrcina,9.0,0.21495327102803738,0.29906542056074764,0.71875,0.6292834890965732,0.6757425742574258,0.5336134453781513,0.6230529595015576,0.5535714285714286,0.7663551401869159,ATP,12 month,hard,9.0,0.5588235294117647,0.3235294117647059,0.6167582417582418,0.2984409799554566,0.5913978494623655,0.4107142857142857,0.45901639344262296,0.7254901960784313
78713,65498,Stefan Palosi,1.0,0.14285714285714285,0.5714285714285714,0.25,0.6666666666666666,0.3888888888888889,0.2777777777777778,0.35185185185185186,0.46153846153846156,0.0,ATP,12 month,hard,1.0,0.5,0.375,0.7288135593220338,0.32558139534883723,0.75,0.44067796610169496,0.18181818181818182,0.75
78729,59442,Lorenzo Musetti,9.0,0.427536231884058,0.16666666666666666,2.5652173913043477,0.659952606635071,0.703770197486535,0.5749128919860628,0.659952606635071,0.671875,0.8478260869565217,ATP,12 month,hard,9.0,0.48175182481751827,0.1678832116788321,0.6531049250535332,0.33442622950819667,0.5617283950617284,0.4132762312633833,0.37735849056603776,0.708029197080292
78889,59602,Juan Manuel Cerundolo,3.0,0.36363636363636365,0.29545454545454547,1.2307692307692308,0.4965986394557823,0.678082191780822,0.527027027027027,0.6020408163265306,0.6206896551724138,0.75,ATP,12 month,hard,3.0,0.3488372093023256,0.27906976744186046,0.6227758007117438,0.2571428571428571,0.4528301886792453,0.33096085409252674,0.23076923076923078,0.8604651162790697
78891,59604,Facundo Diaz Acosta,1.0,0.16666666666666666,0.2777777777777778,0.6,0.6993006993006993,0.65,0.4418604651162791,0.5874125874125874,0.75,0.8333333333333334,ATP,12 month,hard,1.0,0.3333333333333333,0.16666666666666666,0.7142857142857143,0.25,0.5,0.3214285714285714,0.5714285714285714,0.7777777777777778
78892,59605,Francisco Comesana,5.0,0.803030303030303,0.21212121212121213,3.7857142857142856,0.6726342710997443,0.752851711026616,0.53125,0.680306905370844,0.6428571428571429,0.8484848484848485,ATP,12 month,hard,5.0,0.6029411764705882,0.22058823529411764,0.633495145631068,0.1915708812260536,0.543046357615894,0.3203883495145631,0.28,0.8970588235294118
78897,59610,Alexander Shevchenko,11.0,0.5546875,0.1640625,3.380952380952381,0.6272040302267002,0.7088353413654619,0.5202702702702703,0.6385390428211587,0.546875,0.7734375,ATP,12 month,hard,11.0,0.5813953488372093,0.27906976744186046,0.6110414052697616,0.23613963039014374,0.4741935483870968,0.328732747804266,0.32142857142857145,0.8604651162790697
78939,59652,Moerani Bouzige,1.0,0.45454545454545453,0.0,,0.6440677966101694,0.7631578947368421,0.5714285714285714,0.6949152542372882,0.5,0.8181818181818182,ATP,12 month,hard,1.0,0.8,0.0,0.6567164179104478,0.20454545454545459,0.34782608695652173,0.25373134328358204,1.0,0.9
78940,59653,Tristan Boyer,5.0,0.42857142857142855,0.12698412698412698,3.375,0.7205882352941176,0.6972789115646258,0.4298245614035088,0.6225490196078431,0.52,0.8095238095238095,ATP,12 month,hard,5.0,0.45901639344262296,0.19672131147540983,0.6157517899761337,0.33720930232558144,0.5341614906832298,0.4128878281622912,0.42857142857142855,0.7049180327868853
78944,59657,Jack Draper,3.0,0.9142857142857143,0.14285714285714285,6.4,0.6713615023474179,0.8251748251748252,0.6428571428571429,0.7652582159624414,0.7777777777777778,0.9428571428571428,ATP,12 month,hard,3.0,0.8611111111111112,0.1111111111111111,0.7,0.25465838509316774,0.5217391304347826,0.33478260869565213,0.45454545454545453,0.8611111111111112
78996,59709,George Loffhagen,3.0,0.7647058823529411,0.20588235294117646,3.7142857142857144,0.5950413223140496,0.7638888888888888,0.5102040816326531,0.6611570247933884,0.8125,0.9117647058823529,ATP,12 month,hard,3.0,0.5142857142857142,0.34285714285714286,0.6122448979591837,0.30666666666666664,0.4736842105263158,0.37142857142857144,0.14285714285714285,0.8857142857142857
79004,,Alec Deckers,1.0,1.0588235294117647,0.058823529411764705,18.0,0.4473684210526316,0.7843137254901961,0.5079365079365079,0.631578947368421,0.75,0.8823529411764706,ATP,12 month,hard,1.0,0.4375,0.25,0.4727272727272727,0.17307692307692313,0.43103448275862066,0.3090909090909091,0.25,0.9375
79010,59723,Matheus Pucinelli De Almeida,1.0,0.14285714285714285,0.14285714285714285,1.0,0.8804347826086957,0.6790123456790124,0.45454545454545453,0.6521739130434783,0.5,0.8571428571428571,ATP,12 month,hard,1.0,0.42857142857142855,0.07142857142857142,0.8681318681318682,0.25316455696202533,0.5,0.2857142857142857,0.25,0.9285714285714286
79041,59754,Tomas Machac,11.0,0.4966887417218543,0.16556291390728478,3.0,0.6509054325955734,0.7109737248840804,0.5331412103746398,0.6488933601609658,0.7162162162162162,0.8609271523178808,ATP,12 month,hard,11.0,0.6216216216216216,0.14864864864864866,0.6306504961411246,0.26398601398601396,0.4865671641791045,0.3461962513781698,0.417910447761194,0.8108108108108109
79095,59808,Arthur Bouquier,1.0,0.25,0.25,1.0,0.7254901960784313,0.5405405405405406,0.35714285714285715,0.49019607843137253,0.6923076923076923,0.5,ATP,12 month,hard,1.0,0.125,0.125,0.5609756097560976,0.08695652173913049,0.2777777777777778,0.1707317073170732,0.0,1.0
79136,59849,Flavio Cobolli,11.0,0.72,0.256,2.8125,0.5605493133583022,0.7505567928730512,0.48863636363636365,0.6354556803995006,0.5357142857142857,0.792,ATP,12 month,hard,11.0,0.6428571428571429,0.1111111111111111,0.6283524904214559,0.28658536585365857,0.429553264604811,0.33971902937420184,0.3953488372093023,0.8650793650793651
79196,59909,Jacob Fearnley,6.0,0.6125,0.525,1.1666666666666667,0.6613545816733067,0.6807228915662651,0.4764705882352941,0.6115537848605578,0.43243243243243246,0.7375,ATP,12 month,hard,6.0,0.5584415584415584,0.07792207792207792,0.6134615384615385,0.3134796238244514,0.417910447761194,0.3538461538461538,0.3902439024390244,0.7922077922077922
79200,59913,Carlos Alcaraz,12.0,0.41954022988505746,0.13218390804597702,3.1739130434782608,0.6967741935483871,0.7420634920634921,0.5987841945288754,0.6986175115207374,0.7307692307692307,0.9195402298850575,ATP,12 month,hard,12.0,0.3045977011494253,0.1724137931034483,0.6624685138539043,0.33840304182509506,0.5398009950248757,0.4063811922753988,0.4065040650406504,0.7126436781609196
79215,59928,Harold Mayot,1.0,0.6,0.4,1.5,0.6756756756756757,0.66,0.4166666666666667,0.581081081081081,0.8181818181818182,0.8,ATP,12 month,hard,1.0,0.4444444444444444,0.0,0.6153846153846154,0.15625,0.30000000000000004,0.21153846153846156,0.0,1.0
79221,59934,Pablo Llamas Ruiz,2.0,0.3333333333333333,0.08333333333333333,4.0,0.7758620689655172,0.6444444444444445,0.41025641025641024,0.5919540229885057,0.5555555555555556,0.6666666666666666,ATP,12 month,hard,2.0,1.0416666666666667,0.16666666666666666,0.7241379310344828,0.2952380952380952,0.525,0.35862068965517246,0.5555555555555556,0.7916666666666666
79224,59937,Dane Sweeny,10.0,0.21875,0.2734375,0.8,0.6440281030444965,0.6709090909090909,0.5230263157894737,0.6182669789227166,0.6447368421052632,0.7890625,ATP,12 month,hard,10.0,0.890625,0.28125,0.6538461538461539,0.3172905525846702,0.5521885521885521,0.39860139860139865,0.3793103448275862,0.7421875
79225,59938,Rinky Hijikata,17.0,0.4207650273224044,0.22404371584699453,1.8780487804878048,0.622792937399679,0.6855670103092784,0.502127659574468,0.6163723916532905,0.6078431372549019,0.7814207650273224,ATP,12 month,hard,17.0,0.648936170212766,0.32978723404255317,0.6246872393661385,0.3004005340453939,0.5466666666666666,0.39282735613010844,0.39823008849557523,0.7606382978723404
79232,59945,Kyrian Jacquet,2.0,0.575,0.325,1.7692307692307692,0.5529411764705883,0.7659574468085106,0.4824561403508772,0.6392156862745098,0.5263157894736842,0.775,ATP,12 month,hard,2.0,0.725,0.25,0.6423076923076924,0.2694610778443114,0.4946236559139785,0.35,0.4444444444444444,0.8
79282,,Oleksii Krutykh,1.0,0.0,0.25,0.0,0.6607142857142857,0.5405405405405406,0.42105263157894735,0.5,0.6666666666666666,0.5,ATP,12 month,hard,1.0,1.375,0.125,0.6382978723404256,0.23333333333333328,0.3529411764705882,0.276595744680851,0.0,1.0
79314,60027,Jiri Lehecka,10.0,0.6851851851851852,0.12962962962962962,5.285714285714286,0.6541049798115747,0.7263374485596708,0.4980544747081712,0.6473755047106325,0.711864406779661,0.8425925925925926,ATP,12 month,hard,10.0,0.4774774774774775,0.18018018018018017,0.6750369276218612,0.3216630196936543,0.4727272727272728,0.37075332348596746,0.48717948717948717,0.8288288288288288
79329,60042,Eliot Spizzirri,11.0,0.5337837837837838,0.08783783783783784,6.076923076923077,0.6806526806526807,0.7636986301369864,0.5218978102189781,0.6864801864801865,0.6065573770491803,0.8378378378378378,ATP,12 month,hard,11.0,0.6283783783783784,0.25,0.6397578203834511,0.30757097791798105,0.5546218487394958,0.39656912209889006,0.3958333333333333,0.7432432432432432
79330,60043,Liam Draxl,8.0,0.4835164835164835,0.26373626373626374,1.8333333333333333,0.6396694214876033,0.6821705426356589,0.47706422018348627,0.6082644628099173,0.543859649122807,0.7142857142857143,ATP,12 month,hard,8.0,0.574468085106383,0.1595744680851064,0.6547008547008547,0.31070496083550914,0.4801980198019802,0.36923076923076925,0.4583333333333333,0.7659574468085106
79345,60058,Luca Nardi,9.0,0.4796747967479675,0.22764227642276422,2.107142857142857,0.5987421383647799,0.6869747899159664,0.5391849529780565,0.6276729559748427,0.5862068965517241,0.8048780487804879,ATP,12 month,hard,9.0,0.4878048780487805,0.16260162601626016,0.5607594936708861,0.2663656884875847,0.4726224783861671,0.3569620253164557,0.3384615384615385,0.8211382113821138
79380,60093,Titouan Droguet,8.0,1.148936170212766,0.1276595744680851,9.0,0.6302083333333334,0.7961432506887053,0.5586854460093896,0.7083333333333334,0.5833333333333334,0.8936170212765957,ATP,12 month,hard,8.0,0.7340425531914894,0.2872340425531915,0.646677471636953,0.2706766917293233,0.4954128440366973,0.35008103727714746,0.4117647058823529,0.851063829787234
79421,60134,Chris Rodesch,3.0,0.7857142857142857,0.32142857142857145,2.4444444444444446,0.7513227513227513,0.6901408450704225,0.5319148936170213,0.6507936507936508,0.6923076923076923,0.8571428571428571,ATP,12 month,hard,3.0,0.25,0.14285714285714285,0.7339901477832512,0.3825503355704698,0.5185185185185186,0.41871921182266014,0.2903225806451613,0.6785714285714286
79434,60147,Alvaro Guillen Meza,2.0,0.32,0.32,1.0,0.6148148148148148,0.7710843373493976,0.4423076923076923,0.6444444444444445,0.6428571428571429,0.8,ATP,12 month,hard,2.0,0.30434782608695654,0.13043478260869565,0.6380368098159509,0.3076923076923077,0.44067796610169496,0.35582822085889576,0.2,0.8695652173913043
79444,60157,Mattia Bellucci,7.0,0.6571428571428571,0.2,3.2857142857142856,0.6494845360824743,0.7380952380952381,0.4485294117647059,0.6365979381443299,0.5945945945945946,0.7857142857142857,ATP,12 month,hard,7.0,0.5606060606060606,0.21212121212121213,0.6469194312796208,0.23076923076923073,0.5033557046979866,0.3270142180094787,0.4,0.8787878787878788
79471,60184,Zachary Svajda,13.0,0.8712121212121212,0.1590909090909091,5.476190476190476,0.6279329608938548,0.7615658362989324,0.5135135135135135,0.6692737430167598,0.6851851851851852,0.8712121212121212,ATP,12 month,hard,13.0,0.6690647482014388,0.16546762589928057,0.6678876678876678,0.32358318098720296,0.5183823529411764,0.38827838827838823,0.5538461538461539,0.7410071942446043
79489,60202,Shintaro Mochizuki,10.0,0.3135593220338983,0.559322033898305,0.5606060606060606,0.5740514075887393,0.6652452025586354,0.4540229885057471,0.5752753977968176,0.6224489795918368,0.6864406779661016,ATP,12 month,hard,10.0,0.6186440677966102,0.3050847457627119,0.628808864265928,0.2599118942731278,0.5261194029850746,0.3587257617728532,0.3508771929824561,0.8305084745762712
79497,60209,Matteo Arnaldi,3.0,0.5,0.32142857142857145,1.5555555555555556,0.5989847715736041,0.6864406779661016,0.45569620253164556,0.5939086294416244,0.64,0.6785714285714286,ATP,12 month,hard,3.0,0.4,0.1,0.6833333333333333,0.3089430894308943,0.4736842105263158,0.36111111111111116,0.2631578947368421,0.8333333333333334
79504,60216,Gonzalo Bueno,4.0,0.17073170731707318,0.3170731707317073,0.5384615384615384,0.7236363636363636,0.5979899497487438,0.5526315789473685,0.5854545454545454,0.625,0.7804878048780488,ATP,12 month,hard,4.0,0.65,0.225,0.6872427983539094,0.2455089820359282,0.5263157894736843,0.33333333333333337,0.7142857142857143,0.875
79527,60239,Valentin Royer,8.0,0.6262626262626263,0.20202020202020202,3.1,0.6354466858789626,0.6780045351473923,0.4782608695652174,0.6051873198847262,0.684931506849315,0.7676767676767676,ATP,12 month,hard,8.0,0.8217821782178217,0.19801980198019803,0.6644628099173554,0.23383084577114432,0.4926108374384236,0.32066115702479336,0.42857142857142855,0.8811881188118812
79564,60276,Francesco Maestrelli,8.0,0.7714285714285715,0.20952380952380953,3.6818181818181817,0.65,0.745920745920746,0.5367965367965368,0.6727272727272727,0.6666666666666666,0.8476190476190476,ATP,12 month,hard,8.0,0.6057692307692307,0.17307692307692307,0.6712749615975423,0.25171624713958807,0.485981308411215,0.3287250384024577,0.3076923076923077,0.8461538461538461
79572,60284,Gustavo Heide,4.0,0.5555555555555556,0.3111111111111111,1.7857142857142858,0.768025078369906,0.6530612244897959,0.4864864864864865,0.6144200626959248,0.5909090909090909,0.8,ATP,12 month,hard,4.0,0.3333333333333333,0.1111111111111111,0.8478260869565217,0.28205128205128205,0.5,0.3152173913043478,0.25,0.8888888888888888
79574,60286,Mariano Navone,4.0,0.27586206896551724,0.27586206896551724,1.0,0.6608910891089109,0.6217228464419475,0.46715328467153283,0.5693069306930693,0.6153846153846154,0.6551724137931034,ATP,12 month,hard,4.0,0.43333333333333335,0.15,0.6181318681318682,0.2844444444444445,0.4532374100719424,0.3489010989010989,0.38461538461538464,0.8333333333333334
79864,208653,Isaac Becroft,1.0,0.2222222222222222,0.2222222222222222,1.0,0.543859649122807,0.5806451612903226,0.4230769230769231,0.5087719298245614,0.5,0.5555555555555556,ATP,12 month,hard,1.0,0.75,0.25,0.6363636363636364,0.19999999999999996,0.55,0.32727272727272727,0.25,0.875
79870,60582,Giovanni Mpetshi Perricard,14.0,1.3177083333333333,0.171875,7.666666666666667,0.7189939288811795,0.7683956574185766,0.5493827160493827,0.7068516912402428,0.6206896551724138,0.8854166666666666,ATP,12 month,hard,14.0,0.5916230366492147,0.14659685863874344,0.6763925729442971,0.2169934640522876,0.36338797814207646,0.26436781609195403,0.23404255319148937,0.9424083769633508
80054,60766,Jerome Kym,3.0,1.1071428571428572,0.14285714285714285,7.75,0.6577540106951871,0.7804878048780488,0.484375,0.679144385026738,0.8,0.9285714285714286,ATP,12 month,hard,3.0,0.27586206896551724,0.3103448275862069,0.5970149253731343,0.29166666666666663,0.5802469135802469,0.40796019900497515,0.21739130434782608,0.8275862068965517
80063,60775,Stefanos Sakellaridis,1.0,0.38461538461538464,0.46153846153846156,0.8333333333333334,0.47674418604651164,0.5609756097560976,0.5111111111111111,0.5348837209302325,0.6,0.5384615384615384,ATP,12 month,hard,1.0,0.35714285714285715,0.35714285714285715,0.5176470588235295,0.31818181818181823,0.46341463414634143,0.388235294117647,0.375,0.7857142857142857
80070,60782,Francesco Passaro,2.0,0.8461538461538461,0.15384615384615385,5.5,0.7108433734939759,0.711864406779661,0.4166666666666667,0.6265060240963856,0.4166666666666667,0.7307692307692307,ATP,12 month,hard,2.0,0.5,0.3076923076923077,0.6534653465346535,0.28787878787878785,0.6,0.39603960396039606,0.25,0.8076923076923077
80093,60805,Roman Andres Burruchaga,4.0,0.25,0.22916666666666666,1.0909090909090908,0.6112956810631229,0.6956521739130435,0.5213675213675214,0.627906976744186,0.6086956521739131,0.8125,ATP,12 month,hard,4.0,0.30434782608695654,0.34782608695652173,0.6702702702702703,0.3629032258064516,0.540983606557377,0.42162162162162165,0.3793103448275862,0.7608695652173914
80119,208908,Rafael De Alba,1.0,0.125,0.375,0.3333333333333333,0.6122448979591837,0.5666666666666667,0.3157894736842105,0.46938775510204084,0.5,0.5,ATP,12 month,hard,1.0,0.75,0.0,0.4146341463414634,0.05882352941176472,0.29166666666666663,0.19512195121951215,,1.0
80281,60992,Arthur Cazaux,1.0,1.125,0.125,9.0,0.782608695652174,0.8333333333333334,0.7,0.8043478260869565,,1.0,ATP,12 month,hard,1.0,0.3333333333333333,0.6666666666666666,0.5846153846153846,0.39473684210526316,0.5925925925925926,0.4769230769230769,0.375,0.6666666666666666
80309,61019,Hamad Medjedovic,11.0,0.8785714285714286,0.34285714285714286,2.5625,0.6209081309398099,0.7312925170068028,0.520891364902507,0.6515311510031679,0.6666666666666666,0.8285714285714286,ATP,12 month,hard,11.0,0.8014184397163121,0.2624113475177305,0.583610188261351,0.2599620493358634,0.48670212765957444,0.35437430786268,0.38571428571428573,0.8085106382978723
80324,61034,Gabriel Diallo,8.0,0.5370370370370371,0.17592592592592593,3.0526315789473686,0.74079754601227,0.7412008281573499,0.48520710059171596,0.6748466257668712,0.4666666666666667,0.8518518518518519,ATP,12 month,hard,8.0,0.6476190476190476,0.18095238095238095,0.7029411764705882,0.2468619246861925,0.4554455445544554,0.3088235294117647,0.3548387096774194,0.8952380952380953
80358,61069,Vilius Gaubas,3.0,0.34375,0.125,2.75,0.7759336099585062,0.6577540106951871,0.4444444444444444,0.6099585062240664,0.6956521739130435,0.78125,ATP,12 month,hard,3.0,0.42424242424242425,0.12121212121212122,0.7219251336898396,0.3037037037037037,0.5769230769230769,0.3796791443850267,0.375,0.7272727272727273
80378,61089,Olle Wallin,2.0,0.42105263157894735,0.47368421052631576,0.8888888888888888,0.5317460317460317,0.7164179104477612,0.3389830508474576,0.5396825396825397,0.5555555555555556,0.5789473684210527,ATP,12 month,hard,2.0,0.7894736842105263,0.3684210526315789,0.5952380952380952,0.33333333333333337,0.47058823529411764,0.38888888888888884,0.4166666666666667,0.7368421052631579
80402,209191,Oleksandr Ovcharenko,1.0,0.4,0.8,0.5,0.5714285714285714,0.8611111111111112,0.3333333333333333,0.6349206349206349,0.6666666666666666,0.9,ATP,12 month,hard,1.0,0.8,0.2,0.5614035087719298,0.28125,0.52,0.38596491228070173,0.3333333333333333,0.7
80420,61131,Filip Misolic,4.0,0.29545454545454547,0.2727272727272727,1.0833333333333333,0.5851063829787234,0.6848484848484848,0.42735042735042733,0.5780141843971631,0.6176470588235294,0.7045454545454546,ATP,12 month,hard,4.0,0.6976744186046512,0.3023255813953488,0.6347517730496454,0.24022346368715086,0.5145631067961165,0.34042553191489366,0.20833333333333334,0.8837209302325582
80437,61148,Adolfo Daniel Vallejo,4.0,0.3783783783783784,0.2972972972972973,1.2727272727272727,0.7325102880658436,0.6797752808988764,0.4,0.6049382716049383,0.7352941176470589,0.7567567567567568,ATP,12 month,hard,4.0,0.3333333333333333,0.3055555555555556,0.6261261261261262,0.4316546762589928,0.5662650602409638,0.48198198198198194,0.53125,0.5277777777777778
80457,,Alan Magadan,2.0,0.36363636363636365,0.22727272727272727,1.6,0.6031746031746031,0.6842105263157895,0.48,0.6031746031746031,0.7272727272727273,0.8636363636363636,ATP,12 month,hard,2.0,0.7,0.2,0.5570469798657718,0.22891566265060237,0.43939393939393945,0.3221476510067114,0.2727272727272727,0.85
80470,61180,Arthur Fery,5.0,0.4,0.03636363636363636,11.0,0.6834319526627219,0.696969696969697,0.5794392523364486,0.6597633136094675,0.5833333333333334,0.8181818181818182,ATP,12 month,hard,5.0,0.43636363636363634,0.2727272727272727,0.6434316353887399,0.4041666666666667,0.5112781954887218,0.4423592493297587,0.3958333333333333,0.6545454545454545
80471,61181,Luciano Darderi,6.0,0.7628865979381443,0.16494845360824742,4.625,0.5841750841750841,0.7435158501440923,0.5182186234817814,0.6498316498316499,0.5227272727272727,0.7835051546391752,ATP,12 month,hard,6.0,0.6938775510204082,0.20408163265306123,0.6485623003194888,0.31773399014778325,0.5,0.3817891373801917,0.36363636363636365,0.7959183673469388
80473,61182,Tristan Schoolkate,8.0,0.7011494252873564,0.3218390804597701,2.1785714285714284,0.6153846153846154,0.728125,0.455,0.6230769230769231,0.5526315789473685,0.8045977011494253,ATP,12 month,hard,8.0,0.8333333333333334,0.23809523809523808,0.6292134831460674,0.23511904761904767,0.4545454545454546,0.31647940074906367,0.28125,0.8928571428571429
80490,61199,Terence Atmane,10.0,0.71900826446281,0.19008264462809918,3.782608695652174,0.6015831134564644,0.7324561403508771,0.5165562913907285,0.6464379947229552,0.6,0.8181818181818182,ATP,12 month,hard,10.0,0.6422764227642277,0.16260162601626016,0.6267409470752089,0.21333333333333337,0.4701492537313433,0.30919220055710306,0.4444444444444444,0.8699186991869918
80495,61204,Elmer Moller,4.0,0.26,0.5,0.52,0.6875,0.7318181818181818,0.46,0.646875,0.6666666666666666,0.84,ATP,12 month,hard,4.0,0.3,0.18,0.7307692307692307,0.2894736842105263,0.4642857142857143,0.33653846153846156,0.45,0.82
80537,61248,Murphy Cassone,5.0,0.5535714285714286,0.125,4.428571428571429,0.6752873563218391,0.7319148936170212,0.5221238938053098,0.6637931034482759,0.5294117647058824,0.8571428571428571,ATP,12 month,hard,5.0,0.39285714285714285,0.125,0.7113095238095238,0.2510460251046025,0.5154639175257731,0.32738095238095233,0.45,0.8392857142857143
80605,,Anton Shepp,2.0,1.105263157894737,0.3157894736842105,3.5,0.5905511811023622,0.68,0.5,0.6062992125984252,0.6875,0.7368421052631579,ATP,12 month,hard,2.0,0.5789473684210527,0.21052631578947367,0.6694915254237288,0.30379746835443033,0.5128205128205128,0.3728813559322034,0.4166666666666667,0.7368421052631579
80614,,Faris Zakaryia,1.0,0.14285714285714285,1.0,0.14285714285714285,0.5,0.36363636363636365,0.22727272727272727,0.29545454545454547,0.3,0.0,ATP,12 month,hard,1.0,0.14285714285714285,0.5714285714285714,0.6222222222222222,0.3571428571428571,0.5294117647058824,0.4222222222222223,0.6666666666666666,0.7142857142857143
80620,61331,Coleman Wong,16.0,1.0491803278688525,0.15846994535519127,6.620689655172414,0.6469026548672566,0.7510259917920656,0.518796992481203,0.6690265486725664,0.68,0.8688524590163934,ATP,12 month,hard,16.0,0.5444444444444444,0.18888888888888888,0.6713810316139767,0.2961586121437423,0.5113924050632912,0.3668885191347754,0.34375,0.8166666666666667
80625,61336,Luca Van Assche,5.0,0.2777777777777778,0.37037037037037035,0.75,0.6531165311653117,0.6680497925311203,0.4609375,0.5962059620596206,0.6052631578947368,0.7222222222222222,ATP,12 month,hard,5.0,0.4909090909090909,0.21818181818181817,0.631578947368421,0.3055555555555556,0.6428571428571428,0.4298245614035088,0.5277777777777778,0.6545454545454545
81060,61739,Sascha Gueymard Wayenburg,1.0,0.6,0.4,1.5,0.6666666666666666,0.6136363636363636,0.5,0.5757575757575758,0.0,0.6,ATP,12 month,hard,1.0,0.0,0.1,0.6666666666666666,0.30434782608695654,0.3913043478260869,0.33333333333333337,0.3333333333333333,0.8
81061,61740,Robin Bertrand,1.0,0.125,1.0,0.125,0.5853658536585366,0.5833333333333334,0.23529411764705882,0.43902439024390244,0.3333333333333333,0.5,ATP,12 month,hard,1.0,0.7142857142857143,0.2857142857142857,0.6666666666666666,0.19999999999999996,0.4,0.2666666666666667,,1.0
81068,61746,Leandro Riedi,3.0,0.48484848484848486,0.36363636363636365,1.3333333333333333,0.6235294117647059,0.7169811320754716,0.375,0.5882352941176471,0.7037037037037037,0.7575757575757576,ATP,12 month,hard,3.0,0.6,0.2857142857142857,0.6631578947368421,0.24603174603174605,0.546875,0.34736842105263155,0.75,0.8285714285714286
81071,61749,Ignacio Buse,2.0,0.96,0.48,2.0,0.6256684491978609,0.7692307692307693,0.38571428571428573,0.6256684491978609,0.6666666666666666,0.76,ATP,12 month,hard,2.0,0.44,0.24,0.5987261146496815,0.2872340425531915,0.4920634920634921,0.3694267515923567,0.5,0.76
81085,61762,Maks Kasnikowski,1.0,0.2222222222222222,0.0,,0.746031746031746,0.7021276595744681,0.5625,0.6666666666666666,0.6,0.7777777777777778,ATP,12 month,hard,1.0,0.2,0.2,0.5818181818181818,0.34375,0.6086956521739131,0.4545454545454546,1.0,0.6
81086,61763,Alex Barrena,1.0,0.07142857142857142,0.2857142857142857,0.25,0.7422680412371134,0.6527777777777778,0.4,0.5876288659793815,0.5833333333333334,0.6428571428571429,ATP,12 month,hard,1.0,0.35714285714285715,0.14285714285714285,0.7710843373493976,0.28125,0.368421052631579,0.3012048192771084,1.0,0.9285714285714286
81114,61791,Lukas Neumayer,2.0,0.391304347826087,0.13043478260869565,3.0,0.5704225352112676,0.7160493827160493,0.5409836065573771,0.6408450704225352,0.7333333333333333,0.8260869565217391,ATP,12 month,hard,2.0,0.5909090909090909,0.18181818181818182,0.6470588235294118,0.303030303030303,0.5740740740740741,0.39869281045751637,0.2777777777777778,0.7727272727272727
81122,61799,Guy Den Ouden,5.0,0.18181818181818182,0.2545454545454545,0.7142857142857143,0.5973333333333334,0.6919642857142857,0.5298013245033113,0.6266666666666667,0.65625,0.8,ATP,12 month,hard,5.0,0.5,0.19642857142857142,0.6311239193083573,0.27853881278538817,0.46875,0.34870317002881845,0.4782608695652174,0.8035714285714286
81131,61808,Raphael Collignon,9.0,0.5979381443298969,0.30927835051546393,1.9333333333333333,0.6501706484641638,0.7637795275590551,0.5121951219512195,0.6757679180887372,0.6363636363636364,0.8762886597938144,ATP,12 month,hard,9.0,0.5257731958762887,0.25773195876288657,0.6458658346333853,0.3429951690821256,0.4713656387665198,0.3884555382215289,0.2804878048780488,0.7628865979381443
81161,61837,Arthur Fils,9.0,0.5306122448979592,0.20408163265306123,2.6,0.6569678407350689,0.6993006993006993,0.5446428571428571,0.6462480857580398,0.5,0.8163265306122449,ATP,12 month,hard,9.0,0.6435643564356436,0.22772277227722773,0.6274193548387097,0.2724935732647815,0.4545454545454546,0.3403225806451613,0.37209302325581395,0.8415841584158416
81168,61844,Jack Pinnington Jones,7.0,0.75,0.325,2.3076923076923075,0.7061143984220908,0.7067039106145251,0.4697986577181208,0.6370808678500987,0.5882352941176471,0.825,ATP,12 month,hard,7.0,0.6410256410256411,0.10256410256410256,0.7050209205020921,0.3026706231454006,0.4822695035460993,0.35564853556485354,0.4666666666666667,0.8205128205128205
81182,,Michael Bassem Sobhy,1.0,0.2,0.2,1.0,0.5818181818181818,0.65625,0.391304347826087,0.5454545454545454,0.0,0.6,ATP,12 month,hard,1.0,0.2222222222222222,0.0,0.746031746031746,0.2978723404255319,0.4375,0.33333333333333337,0.4,0.7777777777777778
81194,61871,Mika Brunold,1.0,0.375,0.25,1.5,0.7884615384615384,0.6829268292682927,0.6363636363636364,0.6730769230769231,0.6666666666666666,0.875,ATP,12 month,hard,1.0,0.0,0.25,0.5869565217391305,0.5555555555555556,0.5263157894736843,0.5434782608695652,0.7142857142857143,0.375
81203,62121,Juncheng Shang,6.0,0.34782608695652173,0.2463768115942029,1.411764705882353,0.6535947712418301,0.6966666666666667,0.5094339622641509,0.6318082788671024,0.6666666666666666,0.8260869565217391,ATP,12 month,hard,6.0,0.8857142857142857,0.21428571428571427,0.7037037037037037,0.2210526315789474,0.44999999999999996,0.28888888888888886,0.4,0.8857142857142857
81223,61900,Henrique Rocha,3.0,0.42857142857142855,0.22857142857142856,1.875,0.660377358490566,0.75,0.5555555555555556,0.6839622641509434,0.8125,0.9142857142857143,ATP,12 month,hard,3.0,0.4117647058823529,0.20588235294117646,0.6816143497757847,0.3421052631578947,0.49295774647887325,0.3901345291479821,0.3888888888888889,0.7941176470588235
81236,,Branko Djuric,1.0,1.0833333333333333,0.4166666666666667,2.6,0.8279569892473119,0.7272727272727273,0.1875,0.6344086021505376,0.6,0.8333333333333334,ATP,12 month,hard,1.0,0.25,0.16666666666666666,0.8387096774193549,0.3076923076923077,0.5333333333333333,0.34408602150537637,0.4,0.8333333333333334
81264,61940,Luka Mikrut,1.0,0.25,0.16666666666666666,1.5,0.6136363636363636,0.6111111111111112,0.5588235294117647,0.5909090909090909,0.625,0.75,ATP,12 month,hard,1.0,0.5,0.3333333333333333,0.5909090909090909,0.20512820512820518,0.40740740740740744,0.28787878787878785,1.0,0.8333333333333334
81295,62038,Jakub Mensik,14.0,0.9945054945054945,0.34065934065934067,2.9193548387096775,0.6060606060606061,0.7942857142857143,0.4747252747252747,0.6683982683982684,0.6470588235294118,0.8681318681318682,ATP,12 month,hard,14.0,0.3675675675675676,0.21621621621621623,0.6451063829787234,0.32058047493403696,0.5179856115107914,0.3906382978723404,0.4329896907216495,0.772972972972973
81302,210091,Filip Pieczonka,1.0,0.3,0.4,0.75,0.7843137254901961,0.85,0.7272727272727273,0.8235294117647058,0.75,0.9,ATP,12 month,hard,1.0,0.0,0.3,0.47368421052631576,0.5185185185185186,0.33333333333333337,0.42105263157894735,0.4444444444444444,0.6
81308,61984,Ben Shelton,12.0,0.9532163742690059,0.18128654970760233,5.258064516129032,0.7023474178403756,0.7593582887700535,0.5741324921135647,0.704225352112676,0.75,0.9064327485380117,ATP,12 month,hard,12.0,0.42857142857142855,0.21142857142857144,0.6574690770694577,0.2590448625180898,0.48888888888888893,0.33777354900095147,0.3472222222222222,0.8571428571428571
81327,62003,Michael Zheng,6.0,0.3707865168539326,0.02247191011235955,16.5,0.715547703180212,0.6888888888888889,0.5031055900621118,0.6360424028268551,0.6458333333333334,0.8089887640449438,ATP,12 month,hard,6.0,0.6046511627906976,0.2558139534883721,0.697632058287796,0.30026109660574407,0.47590361445783136,0.3533697632058288,0.44680851063829785,0.7558139534883721
81330,,Andrej Nedic,1.0,0.09090909090909091,0.09090909090909091,1.0,0.68,0.5882352941176471,0.4583333333333333,0.5466666666666666,0.6666666666666666,0.6363636363636364,ATP,12 month,hard,1.0,1.5,0.0,0.7027027027027027,0.32692307692307687,0.5,0.3783783783783784,0.42857142857142855,0.7
81347,62023,Mark Lajal,1.0,0.5454545454545454,0.45454545454545453,1.2,0.6351351351351351,0.7872340425531915,0.4074074074074074,0.6486486486486487,0.6,0.8181818181818182,ATP,12 month,hard,1.0,0.8181818181818182,0.0,0.7704918032786885,0.17021276595744683,0.4285714285714286,0.2295081967213115,0.5,0.9090909090909091
81389,62066,Juan Carlos Prado Angelo,1.0,0.0,0.0,,0.5319148936170213,0.48,0.45454545454545453,0.46808510638297873,0.5,0.5,ATP,12 month,hard,1.0,0.8571428571428571,0.0,0.6521739130434783,0.2666666666666667,0.3125,0.28260869565217395,,1.0
81413,62090,Rodrigo Pacheco Mendez,4.0,0.32558139534883723,0.2558139534883721,1.2727272727272727,0.6630824372759857,0.6,0.46808510638297873,0.5555555555555556,0.53125,0.6511627906976745,ATP,12 month,hard,4.0,0.5,0.35714285714285715,0.5513307984790875,0.2551724137931034,0.48305084745762716,0.35741444866920147,0.4,0.7619047619047619
81473,62149,Jaime Faria,5.0,0.44285714285714284,0.21428571428571427,2.066666666666667,0.6383495145631068,0.7338403041825095,0.5704697986577181,0.6747572815533981,0.5384615384615384,0.8285714285714286,ATP,12 month,hard,5.0,0.4166666666666667,0.1527777777777778,0.6576576576576577,0.3116438356164384,0.493421052631579,0.37387387387387383,0.37209302325581395,0.7777777777777778
81528,62204,James Mccabe,3.0,0.7777777777777778,0.08333333333333333,9.333333333333334,0.6872246696035242,0.75,0.49295774647887325,0.6696035242290749,0.6923076923076923,0.8888888888888888,ATP,12 month,hard,3.0,0.45714285714285713,0.22857142857142856,0.6073059360730594,0.2857142857142857,0.36046511627906974,0.31506849315068497,0.5,0.8857142857142857
81530,62206,Ethan Quinn,10.0,0.680327868852459,0.1885245901639344,3.608695652173913,0.6446700507614214,0.7362204724409449,0.5178571428571429,0.6586294416243654,0.6349206349206349,0.8114754098360656,ATP,12 month,hard,10.0,0.592,0.312,0.6292134831460674,0.28174603174603174,0.4814814814814815,0.35580524344569286,0.36507936507936506,0.816
81547,62223,Arthur Gea,8.0,0.5360824742268041,0.25773195876288657,2.08,0.6683087027914614,0.7346437346437347,0.5643564356435643,0.6781609195402298,0.717948717948718,0.8865979381443299,ATP,12 month,hard,8.0,0.31,0.16,0.7024390243902439,0.3217592592592593,0.53551912568306,0.3853658536585366,0.4067796610169492,0.76
81549,62225,Philip Sekulic,1.0,0.6363636363636364,0.18181818181818182,3.5,0.6301369863013698,0.6739130434782609,0.2962962962962963,0.5342465753424658,0.4444444444444444,0.5454545454545454,ATP,12 month,hard,1.0,0.45454545454545453,0.36363636363636365,0.647887323943662,0.32608695652173914,0.56,0.4084507042253521,0.5,0.7272727272727273
81608,62283,Edward Winter,1.0,0.0,0.2222222222222222,0.0,0.6986301369863014,0.5490196078431373,0.4090909090909091,0.5068493150684932,0.6923076923076923,0.5555555555555556,ATP,12 month,hard,1.0,0.4444444444444444,0.1111111111111111,0.7454545454545455,0.24390243902439024,0.4285714285714286,0.2909090909090909,0.5,0.8888888888888888
81665,210456,Karim Ibrahim,1.0,0.0,0.3,0.0,0.47368421052631576,0.48148148148148145,0.6666666666666666,0.5789473684210527,0.5555555555555556,0.6,ATP,12 month,hard,1.0,0.3,0.4,0.7843137254901961,0.15000000000000002,0.2727272727272727,0.17647058823529416,0.25,0.9
81669,62342,Nishesh Basavareddy,7.0,0.6565656565656566,0.3333333333333333,1.9696969696969697,0.5627836611195158,0.75,0.532871972318339,0.6550680786686838,0.717391304347826,0.8686868686868687,ATP,12 month,hard,7.0,0.8811881188118812,0.1782178217821782,0.6306729264475743,0.24813895781637718,0.4872881355932204,0.3364632237871674,0.325,0.8712871287128713
81673,62346,Darwin Blanch,1.0,0.8888888888888888,0.2222222222222222,4.0,0.5454545454545454,0.6333333333333333,0.52,0.5818181818181818,0.25,0.6666666666666666,ATP,12 month,hard,1.0,0.6666666666666666,0.2222222222222222,0.6481481481481481,0.17142857142857137,0.368421052631579,0.2407407407407407,0.0,1.0
81715,62390,Alex Michelsen,11.0,0.6214285714285714,0.16428571428571428,3.782608695652174,0.6885428253615128,0.7253634894991923,0.5357142857142857,0.6662958843159066,0.6615384615384615,0.8428571428571429,ATP,12 month,hard,11.0,0.7552447552447552,0.27972027972027974,0.6271551724137931,0.2457044673539519,0.5028901734104047,0.34159482758620685,0.3064516129032258,0.8671328671328671
81739,62414,Learner Tien,11.0,0.6395348837209303,0.3081395348837209,2.0754716981132075,0.6177311725452812,0.7422839506172839,0.49875311720698257,0.6491897044804575,0.6212121212121212,0.8546511627906976,ATP,12 month,hard,11.0,0.6566265060240963,0.14457831325301204,0.6657730116175157,0.3100671140939597,0.5240641711229946,0.3815907059874888,0.4936708860759494,0.7650602409638554
81745,62420,Rei Sakamoto,6.0,0.4305555555555556,0.125,3.4444444444444446,0.658695652173913,0.7128712871287128,0.6114649681528662,0.6782608695652174,0.7142857142857143,0.8888888888888888,ATP,12 month,hard,6.0,0.4225352112676056,0.16901408450704225,0.6352201257861635,0.3267326732673267,0.44252873563218387,0.3689727463312369,0.4166666666666667,0.7887323943661971
81905,62578,Alexander Blockx,6.0,0.45098039215686275,0.11764705882352941,3.8333333333333335,0.6061643835616438,0.751412429378531,0.5478260869565217,0.6712328767123288,0.5,0.7843137254901961,ATP,12 month,hard,6.0,0.34615384615384615,0.23076923076923078,0.6261127596439169,0.34123222748815163,0.4365079365079365,0.3768545994065282,0.35714285714285715,0.8076923076923077
81930,,Iliyan Radulov,1.0,,,,,,,,,,ATP,12 month,hard,1.0,,,1.0,0.6,,0.6,0.0,
81939,,Reda Bennani,3.0,0.20588235294117646,0.17647058823529413,1.1666666666666667,0.7551867219917012,0.6428571428571429,0.3898305084745763,0.5809128630705395,0.6923076923076923,0.7647058823529411,ATP,12 month,hard,3.0,0.36363636363636365,0.18181818181818182,0.6568627450980392,0.26865671641791045,0.4,0.3137254901960784,0.3076923076923077,0.8787878787878788
81940,,Filip Jeff Planinsek,1.0,0.8,0.1,8.0,0.8571428571428571,0.6666666666666666,0.5,0.6428571428571429,0.3333333333333333,0.8,ATP,12 month,hard,1.0,0.2222222222222222,0.4444444444444444,0.9125,0.4657534246575342,0.8571428571428572,0.5,0.3125,0.4444444444444444
82660,63328,Gilles Arnaud Bailly,3.0,0.21052631578947367,0.15789473684210525,1.3333333333333333,0.7027027027027027,0.6730769230769231,0.5,0.6216216216216216,0.8148148148148148,0.868421052631579,ATP,12 month,hard,3.0,0.6578947368421053,0.2894736842105263,0.7445887445887446,0.3081395348837209,0.47457627118644063,0.35064935064935066,0.5384615384615384,0.8157894736842105
82723,63390,Justin Engel,2.0,0.6363636363636364,0.36363636363636365,1.75,0.6802325581395349,0.7777777777777778,0.38181818181818183,0.6511627906976745,0.8461538461538461,0.9090909090909091,ATP,12 month,hard,2.0,0.5416666666666666,0.20833333333333334,0.6428571428571429,0.2828282828282829,0.4363636363636364,0.33766233766233766,0.3333333333333333,0.875
82826,63491,Maxim Mrva,1.0,1.0,0.36363636363636365,2.75,0.5540540540540541,0.6341463414634146,0.45454545454545453,0.5540540540540541,0.42857142857142855,0.6363636363636364,ATP,12 month,hard,1.0,0.2727272727272727,0.36363636363636365,0.547945205479452,0.275,0.5151515151515151,0.3835616438356164,0.42857142857142855,0.7272727272727273
82860,,Alexander Vasilev,1.0,0.2222222222222222,1.2222222222222223,0.18181818181818182,0.8589743589743589,0.5223880597014925,0.0,0.44871794871794873,0.6923076923076923,0.5555555555555556,ATP,12 month,hard,1.0,0.5555555555555556,0.7777777777777778,0.8923076923076924,0.3275862068965517,1.0,0.4,0.16666666666666666,0.8888888888888888
82872,63536,Joao Fonseca,1.0,0.5882352941176471,0.29411764705882354,2.0,0.6176470588235294,0.6666666666666666,0.48717948717948717,0.5980392156862745,0.6153846153846154,0.7058823529411765,ATP,12 month,hard,1.0,0.875,0.125,0.6701030927835051,0.18461538461538463,0.5,0.28865979381443296,0.2222222222222222,0.875
82916,,Amit Vales,1.0,0.16666666666666666,0.3333333333333333,0.5,0.6973684210526315,0.5660377358490566,0.30434782608695654,0.4868421052631579,0.45454545454545453,0.5,ATP,12 month,hard,1.0,0.4166666666666667,0.08333333333333333,0.8823529411764706,0.3866666666666667,0.6,0.4117647058823529,0.375,0.75
82936,211727,Pavle Marinkov,1.0,0.2,0.3,0.6666666666666666,0.515625,0.6363636363636364,0.6451612903225806,0.640625,0.5,0.8,ATP,12 month,hard,1.0,1.0,0.2,0.7692307692307693,0.19999999999999996,0.4666666666666667,0.2615384615384615,0.0,1.0
82976,63640,James Watt,2.0,1.0,0.15789473684210525,6.333333333333333,0.7253521126760564,0.6601941747572816,0.46153846153846156,0.6056338028169014,0.7,0.6842105263157895,ATP,12 month,hard,2.0,0.14285714285714285,0.19047619047619047,0.7021276595744681,0.3535353535353535,0.5,0.3971631205673759,0.26666666666666666,0.8095238095238095
82985,63889,Martin Landaluce,6.0,0.4027777777777778,0.3472222222222222,1.16,0.6504424778761062,0.6666666666666666,0.5063291139240507,0.6106194690265486,0.5813953488372093,0.75,ATP,12 month,hard,6.0,0.42857142857142855,0.3142857142857143,0.5850340136054422,0.32170542635658916,0.4808743169398907,0.3877551020408163,0.4594594594594595,0.7571428571428571
83253,63912,Yi Zhou,2.0,0.6363636363636364,0.045454545454545456,14.0,0.7076923076923077,0.7282608695652174,0.6052631578947368,0.6923076923076923,0.8,0.9090909090909091,ATP,12 month,hard,2.0,0.22727272727272727,0.13636363636363635,0.6328125,0.2962962962962963,0.5106382978723405,0.375,0.5555555555555556,0.7727272727272727
83272,63931,Matej Dodig,2.0,0.34615384615384615,0.11538461538461539,3.0,0.6835443037974683,0.7037037037037037,0.42,0.6139240506329114,0.2857142857142857,0.8076923076923077,ATP,12 month,hard,2.0,0.4,0.16,0.6764705882352942,0.26086956521739135,0.4363636363636364,0.3176470588235294,0.18181818181818182,0.92
83399,,Karol Filar,1.0,0.14285714285714285,0.5714285714285714,0.25,0.6222222222222222,0.6428571428571429,0.47058823529411764,0.5777777777777777,0.3333333333333333,0.7142857142857143,ATP,12 month,hard,1.0,0.14285714285714285,1.0,0.5,0.6363636363636364,0.7727272727272727,0.7045454545454546,0.7,0.0
83425,64082,Trevor Svajda,3.0,0.4594594594594595,0.1891891891891892,2.4285714285714284,0.5523012552301255,0.7651515151515151,0.4672897196261682,0.6317991631799164,0.6666666666666666,0.8108108108108109,ATP,12 month,hard,3.0,0.6944444444444444,0.25,0.6182572614107884,0.2684563758389261,0.4347826086956522,0.3319502074688797,0.23076923076923078,0.9166666666666666
83428,64085,Mees Rottgering,3.0,0.23809523809523808,0.23809523809523808,1.0,0.5860927152317881,0.6271186440677966,0.504,0.5761589403973509,0.6129032258064516,0.7142857142857143,ATP,12 month,hard,3.0,0.525,0.4,0.5977859778597786,0.25308641975308643,0.5779816513761468,0.3837638376383764,0.43478260869565216,0.75
83465,64122,Colton Smith,4.0,0.4146341463414634,0.17073170731707318,2.4285714285714284,0.6826568265682657,0.6594594594594595,0.5116279069767442,0.6125461254612546,0.5,0.7560975609756098,ATP,12 month,hard,4.0,0.5121951219512195,0.24390243902439024,0.5781818181818181,0.30188679245283023,0.4482758620689655,0.36363636363636365,0.3888888888888889,0.8292682926829268
83484,,Thijs Boogaard,3.0,0.15384615384615385,0.2564102564102564,0.6,0.5967741935483871,0.6756756756756757,0.53,0.6169354838709677,0.6296296296296297,0.7435897435897436,ATP,12 month,hard,3.0,0.5641025641025641,0.5128205128205128,0.5131086142322098,0.24817518248175185,0.5461538461538462,0.3932584269662921,0.34615384615384615,0.7692307692307693
83738,,Alex Finkelstein,1.0,0.1111111111111111,0.3333333333333333,0.3333333333333333,0.5789473684210527,0.6363636363636364,0.375,0.5263157894736842,0.42857142857142855,0.5555555555555556,ATP,12 month,hard,1.0,0.1111111111111111,0.1111111111111111,0.8,0.29166666666666663,0.5833333333333333,0.35,1.0,0.8888888888888888
83797,64451,Rafael Jodar,11.0,0.3359375,0.078125,4.3,0.6982035928143713,0.660377358490566,0.5357142857142857,0.6227544910179641,0.5081967213114754,0.765625,ATP,12 month,hard,11.0,0.46875,0.1953125,0.6977011494252874,0.3261943986820428,0.5209125475285171,0.38505747126436785,0.41025641025641024,0.75
84343,,Georgi Georgiev,1.0,0.5555555555555556,0.1111111111111111,5.0,0.671875,0.5581395348837209,0.38095238095238093,0.5,0.5555555555555556,0.5555555555555556,ATP,12 month,hard,1.0,1.125,0.25,0.5555555555555556,0.12,0.4,0.24444444444444446,0.3333333333333333,0.875
84379,,Siu Chi Nicholas Cheng,1.0,0.0,0.6666666666666666,0.0,0.5675675675675675,0.42857142857142855,0.1875,0.32432432432432434,0.3333333333333333,0.0,ATP,12 month,hard,1.0,1.2857142857142858,0.0,0.5454545454545454,0.16666666666666663,0.33333333333333337,0.24242424242424243,,1.0
84380,213178,Cruz Hewitt,2.0,0.4,0.35,1.1428571428571428,0.6854838709677419,0.5529411764705883,0.4358974358974359,0.5161290322580645,0.5238095238095238,0.5,ATP,12 month,hard,2.0,0.6,0.3,0.6311475409836066,0.2857142857142857,0.5333333333333333,0.3770491803278688,0.45454545454545453,0.75
84494,,Krish Arora,1.0,0.2222222222222222,0.1111111111111111,2.0,0.5416666666666666,0.7692307692307693,0.3181818181818182,0.5625,0.42857142857142855,0.5555555555555556,ATP,12 month,hard,1.0,0.25,0.0,0.7291666666666666,0.2857142857142857,0.3846153846153846,0.3125,1.0,0.875
84754,213552,Jagger Leach,1.0,0.1111111111111111,0.4444444444444444,0.25,0.5,0.5517241379310345,0.5172413793103449,0.5344827586206896,0.8333333333333334,0.8888888888888888,ATP,12 month,hard,1.0,0.5555555555555556,0.2222222222222222,0.660377358490566,0.34285714285714286,0.2777777777777778,0.3207547169811321,1.0,0.8888888888888888
84810,213608,Moise Kouame,3.0,0.45652173913043476,0.3695652173913043,1.2352941176470589,0.5986842105263158,0.6978021978021978,0.5409836065573771,0.6348684210526315,0.7096774193548387,0.8043478260869565,ATP,12 month,hard,3.0,0.40425531914893614,0.2553191489361702,0.583596214511041,0.28648648648648645,0.49242424242424243,0.3722397476340694,0.26666666666666666,0.8297872340425532
84855,213653,Benjamin Willwerth,1.0,0.18181818181818182,0.18181818181818182,1.0,0.5949367088607594,0.7446808510638298,0.5,0.6455696202531646,0.75,0.9090909090909091,ATP,12 month,hard,1.0,0.45454545454545453,0.2727272727272727,0.6212121212121212,0.19512195121951215,0.43999999999999995,0.28787878787878785,0.0,1.0
84900,213698,Ghanim Al Sulaiti,1.0,0.0,1.4285714285714286,0.0,0.4722222222222222,0.4117647058823529,0.2631578947368421,0.3333333333333333,0.0,0.2857142857142857,ATP,12 month,hard,1.0,0.6666666666666666,1.1666666666666667,0.4523809523809524,0.10526315789473684,0.4782608695652174,0.30952380952380953,0.0,1.0
100198,80268,Katarina Zavatska,7.0,0.25925925925925924,0.3333333333333333,0.7777777777777778,0.6164021164021164,0.5836909871244635,0.5379310344827586,0.5661375661375662,0.5,0.6296296296296297,WTA,12 month,clay,7.0,0.12280701754385964,0.43859649122807015,0.6239554317548747,0.3928571428571429,0.5703703703703704,0.45961002785515326,0.5714285714285714,0.6491228070175439
100480,80549,Nuria Brancaccio,4.0,0.08333333333333333,0.125,0.6666666666666666,0.8418079096045198,0.5469798657718121,0.5357142857142857,0.5451977401129944,0.6274509803921569,0.6041666666666666,WTA,12 month,clay,4.0,0.08163265306122448,0.1836734693877551,0.7781155015197568,0.48828125,0.5205479452054795,0.49544072948328266,0.5,0.5306122448979592
100787,215879,Ilay Yoruk,1.0,0.14285714285714285,0.7142857142857143,0.2,0.8913043478260869,0.36585365853658536,0.0,0.32608695652173914,0.16666666666666666,0.2857142857142857,WTA,12 month,clay,1.0,0.0,0.0,1.0,0.25,,0.25,0.0,1.0
100818,80886,Panna Udvardy,3.0,0.30303030303030304,0.36363636363636365,0.8333333333333334,0.7071129707112971,0.46153846153846156,0.4857142857142857,0.4686192468619247,0.39285714285714285,0.48484848484848486,WTA,12 month,clay,3.0,0.03125,0.375,0.7906137184115524,0.5616438356164384,0.6896551724137931,0.5884476534296028,0.5,0.28125
100896,80963,Mai Hontama,1.0,0.0,0.125,0.0,0.8305084745762712,0.4897959183673469,0.3,0.4576271186440678,0.6428571428571429,0.375,WTA,12 month,clay,1.0,0.125,0.125,0.8269230769230769,0.34883720930232553,0.4444444444444444,0.3653846153846154,0.16666666666666666,0.875
100989,81056,Maja Chwalinska,1.0,0.125,0.125,1.0,0.96,0.625,0.0,0.6,0.6,0.75,WTA,12 month,clay,1.0,0.0,0.0,0.98,0.6326530612244898,1.0,0.64,0.6,0.25
105324,85376,Moyuka Uchijima,6.0,0.125,0.171875,0.7272727272727273,0.6675126903553299,0.6311787072243346,0.46564885496183206,0.5761421319796954,0.5952380952380952,0.734375,WTA,12 month,clay,6.0,0.04838709677419355,0.3064516129032258,0.7268041237113402,0.4929078014184397,0.6132075471698113,0.5257731958762887,0.55,0.46774193548387094
105487,85538,Elina Avanesyan,1.0,0.0,0.5555555555555556,0.0,0.85,0.6078431372549019,0.1111111111111111,0.5333333333333333,0.625,0.6666666666666666,WTA,12 month,clay,1.0,0.0,0.625,0.75,0.5625,0.6875,0.59375,0.5384615384615384,0.125
105560,85611,Veronika Erjavec,5.0,0.09259259259259259,0.18518518518518517,0.5,0.8074866310160428,0.5198675496688742,0.4583333333333333,0.5080213903743316,0.6461538461538462,0.5740740740740741,WTA,12 month,clay,5.0,0.07407407407407407,0.4074074074074074,0.7492625368731564,0.5,0.5764705882352941,0.5191740412979351,0.6097560975609756,0.5370370370370371
105597,85647,Julia Riera,2.0,0.06451612903225806,0.3870967741935484,0.16666666666666666,0.7692307692307693,0.5421052631578948,0.5087719298245614,0.5344129554655871,0.59375,0.5806451612903226,WTA,12 month,clay,2.0,0.030303030303030304,0.21212121212121213,0.8114035087719298,0.42162162162162165,0.6511627906976745,0.4649122807017544,0.4444444444444444,0.6363636363636364
105614,85664,Oleksandra Oliynykova,3.0,0.0,0.1111111111111111,0.0,0.821917808219178,0.5388888888888889,0.48717948717948717,0.5296803652968036,0.4444444444444444,0.5833333333333334,WTA,12 month,clay,3.0,0.0,0.16666666666666666,0.8034934497816594,0.46739130434782605,0.6444444444444444,0.5021834061135371,0.42857142857142855,0.5
105631,85681,Carole Monnet,2.0,0.1,0.45,0.2222222222222222,0.8531468531468531,0.48360655737704916,0.14285714285714285,0.43356643356643354,0.5,0.3,WTA,12 month,clay,2.0,0.5714285714285714,0.47619047619047616,0.8129032258064516,0.4126984126984127,0.5862068965517242,0.44516129032258067,0.2857142857142857,0.7142857142857143
105640,85690,Leyre Romero Gormaz,3.0,0.20588235294117646,0.35294117647058826,0.5833333333333334,0.8130434782608695,0.5882352941176471,0.4186046511627907,0.5565217391304348,0.5925925925925926,0.6764705882352942,WTA,12 month,clay,3.0,0.08823529411764706,0.20588235294117646,0.8181818181818182,0.4555555555555556,0.625,0.48636363636363633,0.42857142857142855,0.5588235294117647
105655,85705,Lia Karatancheva,1.0,0.125,0.125,1.0,0.7272727272727273,0.5,0.4,0.4727272727272727,0.5833333333333334,0.375,WTA,12 month,clay,1.0,0.0,0.14285714285714285,0.7142857142857143,0.2857142857142857,0.3571428571428571,0.30612244897959184,1.0,0.8571428571428571
105902,85951,Amarissa Kiara Toth,5.0,0.03571428571428571,0.32142857142857145,0.1111111111111111,0.7842105263157895,0.47651006711409394,0.3780487804878049,0.45526315789473687,0.5428571428571428,0.42857142857142855,WTA,12 month,clay,5.0,0.05555555555555555,0.2037037037037037,0.8123249299719888,0.46896551724137936,0.5970149253731343,0.49299719887955185,0.6136363636363636,0.5
106076,86122,Darya Astakhova,1.0,0.0,0.3333333333333333,0.0,0.6666666666666666,0.46875,0.375,0.4375,0.2857142857142857,0.4444444444444444,WTA,12 month,clay,1.0,0.0,0.25,0.7361111111111112,0.41509433962264153,0.42105263157894735,0.41666666666666663,0.2,0.75
106107,86152,Anastasia Zolotareva,6.0,0.03076923076923077,0.2923076923076923,0.10526315789473684,0.7908653846153846,0.5805471124620061,0.5057471264367817,0.5649038461538461,0.5454545454545454,0.6153846153846154,WTA,12 month,clay,6.0,0.10606060606060606,0.3333333333333333,0.8054862842892768,0.44582043343653255,0.5256410256410257,0.4613466334164589,0.4375,0.5757575757575758
106134,86180,Polina Kudermetova,2.0,0.17391304347826086,0.13043478260869565,1.3333333333333333,0.66,0.6767676767676768,0.47058823529411764,0.6066666666666667,0.6842105263157895,0.7391304347826086,WTA,12 month,clay,2.0,0.08695652173913043,0.21739130434782608,0.696551724137931,0.4158415841584159,0.2272727272727273,0.35862068965517246,0.3888888888888889,0.6956521739130435
106163,86209,Ikumi Yamazaki,1.0,0.0,0.3333333333333333,0.0,0.717391304347826,0.5454545454545454,0.23076923076923078,0.45652173913043476,0.16666666666666666,0.4444444444444444,WTA,12 month,clay,1.0,0.0,0.375,0.7301587301587301,0.34782608695652173,0.5294117647058824,0.39682539682539686,0.5,0.75
106252,86297,Lisa Pigato,3.0,0.0,0.3333333333333333,0.0,0.754601226993865,0.5447154471544715,0.8,0.6073619631901841,0.5833333333333334,0.6296296296296297,WTA,12 month,clay,3.0,0.07142857142857142,0.32142857142857145,0.6736111111111112,0.4639175257731959,0.36170212765957444,0.4305555555555556,0.5,0.5357142857142857
106262,86307,Denislava Glushkova,1.0,0.0,0.0,,0.803921568627451,0.43902439024390244,0.3,0.4117647058823529,0.25,0.3333333333333333,WTA,12 month,clay,1.0,0.0,0.25,0.7037037037037037,0.3157894736842105,0.625,0.40740740740740744,0.6,0.625
106304,86349,Alina Charaeva,1.0,0.18181818181818182,0.45454545454545453,0.4,0.6428571428571429,0.5555555555555556,0.96,0.7,0.5555555555555556,0.6363636363636364,WTA,12 month,clay,1.0,0.36363636363636365,0.18181818181818182,0.6056338028169014,0.32558139534883723,0.4285714285714286,0.3661971830985915,0.25,0.8181818181818182
106809,86851,Selena Janicijevic,2.0,0.1,0.2,0.5,0.6724137931034483,0.5641025641025641,0.34210526315789475,0.49137931034482757,0.5294117647058824,0.6,WTA,12 month,clay,2.0,0.0,0.3,0.7863247863247863,0.5,0.52,0.5042735042735043,0.6666666666666666,0.6
107754,222856,Defne Cirpanli,1.0,0.2857142857142857,0.42857142857142855,0.6666666666666666,0.5918367346938775,0.4827586206896552,0.2,0.3673469387755102,0.5,0.2857142857142857,WTA,12 month,clay,1.0,0.14285714285714285,0.14285714285714285,0.5833333333333334,0.19047619047619047,0.19999999999999996,0.19444444444444442,0.0,1.0
107864,87894,Dominika Salkova,1.0,0.0,0.625,0.0,0.75,0.4375,0.3125,0.40625,0.46153846153846156,0.125,WTA,12 month,clay,1.0,0.0,0.5555555555555556,0.85,0.3921568627450981,0.8888888888888888,0.4666666666666667,0.375,0.6666666666666666
124287,103945,Elena Pridankina,2.0,0.0,0.5625,0.0,0.6050420168067226,0.6388888888888888,0.2765957446808511,0.4957983193277311,0.5454545454545454,0.6875,WTA,12 month,clay,2.0,0.11764705882352941,0.17647058823529413,0.5855855855855856,0.46153846153846156,0.6304347826086957,0.5315315315315315,0.3333333333333333,0.5882352941176471
124290,103948,Mia Ristic,5.0,0.1282051282051282,0.15384615384615385,0.8333333333333334,0.7442748091603053,0.5333333333333333,0.44776119402985076,0.5114503816793893,0.5428571428571428,0.5897435897435898,WTA,12 month,clay,5.0,0.024390243902439025,0.21951219512195122,0.7361111111111112,0.4386792452830188,0.6578947368421053,0.4965277777777778,0.3125,0.6341463414634146
145478,124399,Alevtina Ibragimova,4.0,0.041666666666666664,0.14583333333333334,0.2857142857142857,0.8131147540983606,0.5645161290322581,0.3508771929824561,0.5245901639344263,0.5333333333333333,0.5625,WTA,12 month,clay,4.0,0.1276595744680851,0.1702127659574468,0.7643504531722054,0.5019762845849802,0.5128205128205128,0.5045317220543807,0.46153846153846156,0.48936170212765956
146861,261964,Ada Kumru,2.0,0.125,0.1875,0.6666666666666666,0.7446808510638298,0.42857142857142855,0.4583333333333333,0.43617021276595747,0.23076923076923078,0.375,WTA,12 month,clay,2.0,0.125,0.4375,0.8467741935483871,0.38095238095238093,0.5263157894736843,0.4032258064516129,0.15384615384615385,0.875
148750,263853,Adelina Lachinova,2.0,0.0,0.125,0.0,0.7815126050420168,0.3870967741935484,0.34615384615384615,0.37815126050420167,0.38095238095238093,0.1875,WTA,12 month,clay,2.0,0.058823529411764705,0.058823529411764705,0.9279279279279279,0.41747572815533984,0.75,0.4414414414414415,0.45454545454545453,0.7058823529411765
151468,266571,Berrak Kocak,2.0,0.1111111111111111,0.7222222222222222,0.15384615384615385,0.47863247863247865,0.6071428571428571,0.47540983606557374,0.5384615384615384,0.3,0.6111111111111112,WTA,12 month,clay,2.0,0.3888888888888889,0.4444444444444444,0.6,0.3717948717948718,0.5576923076923077,0.4461538461538461,0.46153846153846156,0.6666666666666666
151487,266590,Deniz Cakil,1.0,0.1111111111111111,0.6666666666666666,0.16666666666666666,0.5161290322580645,0.53125,0.26666666666666666,0.4032258064516129,0.6,0.3333333333333333,WTA,12 month,clay,1.0,0.0,0.1111111111111111,0.6111111111111112,0.36363636363636365,0.5238095238095238,0.42592592592592593,0.375,0.6666666666666666
151917,130449,Teodora Kostovic,3.0,0.06451612903225806,0.0967741935483871,0.6666666666666666,0.6420454545454546,0.672566371681416,0.49206349206349204,0.6079545454545454,0.5625,0.7741935483870968,WTA,12 month,clay,3.0,0.0625,0.1875,0.6601941747572816,0.4779411764705882,0.4571428571428572,0.470873786407767,0.3939393939393939,0.59375
156895,69043,Katarzyna Kawa,2.0,0.0,0.42857142857142855,0.0,0.6223776223776224,0.5842696629213483,0.35185185185185186,0.4965034965034965,0.5769230769230769,0.47619047619047616,WTA,12 month,clay,2.0,0.14285714285714285,0.23809523809523808,0.6923076923076923,0.4545454545454546,0.5681818181818181,0.4895104895104895,0.6,0.5714285714285714
156908,68140,Despina Papamichail,4.0,0.02702702702702703,0.02702702702702703,1.0,0.7807017543859649,0.5842696629213483,0.42,0.5482456140350878,0.6333333333333333,0.7027027027027027,WTA,12 month,clay,4.0,0.05263157894736842,0.15789473684210525,0.6410256410256411,0.504,0.6571428571428571,0.558974358974359,0.72,0.5263157894736842
156928,78559,Iryna Shymanovich,5.0,0.08163265306122448,0.40816326530612246,0.2,0.5439739413680782,0.6107784431137725,0.4,0.5146579804560261,0.5510204081632653,0.5510204081632653,WTA,12 month,clay,5.0,0.08,0.32,0.6868131868131868,0.492,0.543859649122807,0.5082417582417582,0.4444444444444444,0.52
156935,68031,Ekaterine Gorgodze,4.0,0.0,0.07317073170731707,0.0,0.8355555555555556,0.5159574468085106,0.2972972972972973,0.48,0.4838709677419355,0.6097560975609756,WTA,12 month,clay,4.0,0.07692307692307693,0.3076923076923077,0.6764705882352942,0.4945652173913043,0.6477272727272727,0.5441176470588236,0.425531914893617,0.48717948717948717
156938,71028,Laura Pigossi,3.0,0.11428571428571428,0.2,0.5714285714285714,0.7763713080168776,0.4945652173913043,0.49056603773584906,0.4936708860759494,0.6938775510204082,0.5714285714285714,WTA,12 month,clay,3.0,0.06060606060606061,0.3333333333333333,0.6600985221674877,0.417910447761194,0.6231884057971014,0.48768472906403937,0.35,0.5757575757575758
156953,76834,Anhelina Kalinina,6.0,0.0967741935483871,0.3870967741935484,0.25,0.7289719626168224,0.5769230769230769,0.47413793103448276,0.5490654205607477,0.6271186440677966,0.6451612903225806,WTA,12 month,clay,6.0,0.03076923076923077,0.13846153846153847,0.7512953367875648,0.496551724137931,0.6145833333333333,0.5259067357512953,0.5,0.5230769230769231
156956,76805,Julia Grabher,1.0,0.0,1.0,0.0,0.5333333333333333,0.75,0.42857142857142855,0.6,,1.0,WTA,12 month,clay,1.0,1.0,1.0,0.46153846153846156,0.33333333333333337,0.7142857142857143,0.5384615384615384,0.3333333333333333,0.0
156960,75880,Mayar Sherif,5.0,0.06349206349206349,0.09523809523809523,0.6666666666666666,0.8488063660477454,0.565625,0.543859649122807,0.5623342175066313,0.4146341463414634,0.6190476190476191,WTA,12 month,clay,5.0,0.03225806451612903,0.20967741935483872,0.7344497607655502,0.44299674267100975,0.5585585585585586,0.4736842105263158,0.46774193548387094,0.532258064516129
156966,80548,Guiomar Maristany Zuleta de Reales,2.0,0.05555555555555555,0.3888888888888889,0.14285714285714285,0.673469387755102,0.6464646464646465,0.3958333333333333,0.564625850340136,0.5882352941176471,0.6111111111111112,WTA,12 month,clay,2.0,0.0,0.15,0.859375,0.4636363636363636,0.33333333333333337,0.4453125,0.5833333333333334,0.65
156977,67094,Arantxa Rus,2.0,0.0,0.42857142857142855,0.0,0.8,0.4482758620689655,0.5172413793103449,0.46206896551724136,0.3888888888888889,0.47619047619047616,WTA,12 month,clay,2.0,0.05,0.35,0.7364341085271318,0.33684210526315794,0.6470588235294117,0.41860465116279066,0.5,0.65
156999,,Caroline Werner,1.0,0.0625,0.1875,0.3333333333333333,0.6862745098039216,0.5428571428571428,0.59375,0.5588235294117647,0.2857142857142857,0.6875,WTA,12 month,clay,1.0,0.06666666666666667,0.4,0.5765765765765766,0.390625,0.44680851063829785,0.4144144144144144,0.45454545454545453,0.6666666666666666
157004,,Anastasiia Sobolieva,1.0,0.0,0.5714285714285714,0.0,0.6756756756756757,0.48,0.16666666666666666,0.3783783783783784,0.5,0.2857142857142857,WTA,12 month,clay,1.0,0.0,0.16666666666666666,0.78,0.41025641025641024,0.4545454545454546,0.42000000000000004,0.3333333333333333,0.6666666666666666
157089,,Carolina Alves,1.0,0.0,0.2727272727272727,0.0,0.7023809523809523,0.4915254237288136,0.4,0.4642857142857143,0.45454545454545453,0.45454545454545453,WTA,12 month,clay,1.0,0.0,0.2727272727272727,0.7435897435897436,0.43103448275862066,0.7,0.5,0.5,0.5454545454545454
157097,,Martina Colmegna,2.0,0.045454545454545456,0.22727272727272727,0.2,0.7230769230769231,0.5638297872340425,0.3611111111111111,0.5076923076923077,0.35714285714285715,0.5909090909090909,WTA,12 month,clay,2.0,0.0,0.2857142857142857,0.6533333333333333,0.4387755102040817,0.5192307692307692,0.4666666666666667,0.42105263157894735,0.6190476190476191
157099,,Polona Hercog,1.0,0.07692307692307693,0.0,,0.7027027027027027,0.5,0.6818181818181818,0.5540540540540541,0.5,0.6153846153846154,WTA,12 month,clay,1.0,0.07692307692307693,0.0,0.8026315789473685,0.3770491803278688,0.6,0.42105263157894735,0.8,0.6923076923076923
157478,,Ani Amiraghyan,1.0,0.0,0.3333333333333333,0.0,0.5342465753424658,0.5128205128205128,0.4117647058823529,0.4657534246575342,0.7058823529411765,0.4444444444444444,WTA,12 month,clay,1.0,0.0,0.625,0.6730769230769231,0.2571428571428571,0.5294117647058824,0.34615384615384615,0.6666666666666666,0.75
98906,78981,Ipek Oz,2.0,0.11764705882352941,0.17647058823529413,0.6666666666666666,0.7572815533980582,0.5384615384615384,0.44,0.5145631067961165,0.45454545454545453,0.6470588235294118,WTA,12 month,clay,2.0,0.2,0.4666666666666667,0.660377358490566,0.4714285714285714,0.5833333333333333,0.5094339622641509,0.8333333333333334,0.3333333333333333
99089,79161,Anastasia Gasanova,3.0,0.07692307692307693,0.7307692307692307,0.10526315789473684,0.6933962264150944,0.4489795918367347,0.2923076923076923,0.4009433962264151,0.41935483870967744,0.3076923076923077,WTA,12 month,clay,3.0,0.32142857142857145,0.2857142857142857,0.69377990430622,0.5517241379310345,0.59375,0.5645933014354068,0.5416666666666666,0.5357142857142857
99162,79234,Alice Rame,2.0,0.0,0.35,0.0,0.6551724137931034,0.5263157894736842,0.32,0.45517241379310347,0.26666666666666666,0.45,WTA,12 month,clay,2.0,0.0,0.47368421052631576,0.6413793103448275,0.4516129032258065,0.4423076923076923,0.4482758620689655,0.5,0.5789473684210527
99367,79439,Lucia Bronzetti,2.0,0.0,0.2222222222222222,0.0,0.8584905660377359,0.5604395604395604,0.26666666666666666,0.5188679245283019,0.2,0.5555555555555556,WTA,12 month,clay,2.0,0.05555555555555555,0.0,0.9285714285714286,0.3942307692307693,0.375,0.3928571428571429,0.4,0.6666666666666666
99369,79441,Tamara Zidansek,1.0,0.058823529411764705,0.47058823529411764,0.125,0.6929824561403509,0.5189873417721519,0.4,0.4824561403508772,0.25,0.47058823529411764,WTA,12 month,clay,1.0,0.058823529411764705,0.23529411764705882,0.819672131147541,0.5700000000000001,0.36363636363636365,0.5327868852459017,0.4090909090909091,0.47058823529411764
99415,79487,Berfu Cengiz,1.0,0.1,0.0,,0.9444444444444444,0.5735294117647058,0.25,0.5555555555555556,0.6,0.6,WTA,12 month,clay,1.0,0.0,0.2,0.8888888888888888,0.3571428571428571,0.5714285714285714,0.38095238095238093,0.6666666666666666,0.8
99827,79899,Dalila Spiteri,3.0,0.034482758620689655,0.10344827586206896,0.3333333333333333,0.7208121827411168,0.5633802816901409,0.5272727272727272,0.5532994923857868,0.47619047619047616,0.6206896551724138,WTA,12 month,clay,3.0,0.03333333333333333,0.3,0.672316384180791,0.39495798319327735,0.603448275862069,0.46327683615819204,0.6363636363636364,0.5333333333333333
100046,80118,Lulu Sun,6.0,0.546875,0.40625,1.3461538461538463,0.6238095238095238,0.6335877862595419,0.4240506329113924,0.5547619047619048,0.6037735849056604,0.671875,WTA,12 month,hard,6.0,0.4262295081967213,0.26229508196721313,0.6962025316455697,0.27636363636363637,0.5333333333333333,0.35443037974683544,0.39285714285714285,0.819672131147541
100071,215163,Zeel Desai,1.0,0.0,0.42857142857142855,0.0,0.6486486486486487,0.5416666666666666,0.15384615384615385,0.40540540540540543,0.2857142857142857,0.2857142857142857,WTA,12 month,hard,1.0,0.2857142857142857,0.0,0.8260869565217391,0.3157894736842105,0.25,0.30434782608695654,0.0,1.0
100127,80198,Kaja Juvan,6.0,0.19298245614035087,0.38596491228070173,0.5,0.681592039800995,0.583941605839416,0.453125,0.5422885572139303,0.5714285714285714,0.631578947368421,WTA,12 month,hard,6.0,0.19642857142857142,0.19642857142857142,0.711864406779661,0.38095238095238093,0.45378151260504207,0.4019370460048426,0.3333333333333333,0.7857142857142857
100130,215222,Saumya Vig,1.0,0.0,0.14285714285714285,0.0,0.5185185185185185,0.14285714285714285,0.38461538461538464,0.25925925925925924,0.16666666666666666,0.2857142857142857,WTA,12 month,hard,1.0,0.8333333333333334,0.0,0.7560975609756098,0.25806451612903225,0.4,0.29268292682926833,0.0,1.0
100158,80228,Hanyu Guo,7.0,0.11842105263157894,0.2236842105263158,0.5294117647058824,0.6191446028513238,0.5657894736842105,0.5721925133689839,0.5682281059063137,0.5161290322580645,0.6052631578947368,WTA,12 month,hard,7.0,0.25316455696202533,0.31645569620253167,0.6506550218340611,0.3657718120805369,0.4625,0.39956331877729256,0.4642857142857143,0.6708860759493671
100214,80284,Emiliana Arango,6.0,0.0,0.2,0.0,0.7335243553008596,0.44140625,0.40860215053763443,0.4326647564469914,0.44642857142857145,0.43636363636363634,WTA,12 month,hard,6.0,0.15384615384615385,0.38461538461538464,0.7216494845360825,0.4357142857142857,0.5092592592592593,0.4561855670103093,0.28,0.7307692307692307
100245,80315,Olga Danilovic,7.0,0.3246753246753247,0.18181818181818182,1.7857142857142858,0.6774193548387096,0.5938375350140056,0.4823529411764706,0.5578747628083491,0.5972222222222222,0.6233766233766234,WTA,12 month,hard,7.0,0.23076923076923078,0.358974358974359,0.653179190751445,0.3775811209439528,0.5611111111111111,0.441233140655106,0.4827586206896552,0.6410256410256411
100278,80348,Bianca Andreescu,1.0,0.1875,0.4375,0.42857142857142855,0.6744186046511628,0.6551724137931034,0.2857142857142857,0.5348837209302325,0.4,0.625,WTA,12 month,hard,1.0,0.4666666666666667,0.4,0.75,0.3580246913580247,0.6666666666666667,0.43518518518518523,0.5555555555555556,0.6666666666666666
100339,80409,Emily Appleton,3.0,0.38235294117647056,0.29411764705882354,1.3,0.6977777777777778,0.5668789808917197,0.4411764705882353,0.5288888888888889,0.5666666666666667,0.6176470588235294,WTA,12 month,hard,3.0,0.24242424242424243,0.3333333333333333,0.7795918367346939,0.38219895287958117,0.5,0.40816326530612246,0.2647058823529412,0.7272727272727273
100361,80431,Marina Bassols Ribera,3.0,0.11428571428571428,0.3142857142857143,0.36363636363636365,0.7900763358778626,0.6135265700483091,0.43636363636363634,0.5763358778625954,0.625,0.7428571428571429,WTA,12 month,hard,3.0,0.4722222222222222,0.3055555555555556,0.7434944237918215,0.42000000000000004,0.5942028985507246,0.46468401486988853,0.35,0.6111111111111112
100388,80458,Suzan Lamens,11.0,0.13513513513513514,0.4864864864864865,0.2777777777777778,0.6750348675034867,0.5929752066115702,0.3648068669527897,0.5188284518828452,0.4891304347826087,0.5765765765765766,WTA,12 month,hard,11.0,0.12727272727272726,0.41818181818181815,0.7260458839406208,0.42750929368029744,0.5960591133004927,0.4736842105263158,0.4838709677419355,0.5909090909090909
100458,80527,Ayano Shimizu,4.0,0.06818181818181818,0.20454545454545456,0.3333333333333333,0.6136363636363636,0.7481481481481481,0.4588235294117647,0.6363636363636364,0.3181818181818182,0.6590909090909091,WTA,12 month,hard,4.0,0.36585365853658536,0.2682926829268293,0.6563876651982379,0.2953020134228188,0.5769230769230769,0.39207048458149785,0.5,0.6585365853658537
100480,80549,Nuria Brancaccio,1.0,0.058823529411764705,0.0,,0.88,0.5681818181818182,0.3333333333333333,0.54,0.36363636363636365,0.5882352941176471,WTA,12 month,hard,1.0,0.0,0.29411764705882354,0.8095238095238095,0.47058823529411764,0.45833333333333337,0.46825396825396826,0.3157894736842105,0.6470588235294118
100496,80565,Yasmine Mansouri,4.0,0.15,0.175,0.8571428571428571,0.8549618320610687,0.625,0.2631578947368421,0.5725190839694656,0.5333333333333333,0.65,WTA,12 month,hard,4.0,0.125,0.125,0.8830645161290323,0.4611872146118722,0.5517241379310345,0.4717741935483871,0.5666666666666667,0.575
100500,80569,Eri Shimizu,2.0,0.05555555555555555,0.1111111111111111,0.5,0.792,0.5959595959595959,0.5384615384615384,0.584,0.45454545454545453,0.6666666666666666,WTA,12 month,hard,2.0,0.3333333333333333,0.05555555555555555,0.6111111111111112,0.31818181818181823,0.5,0.38888888888888884,0.5555555555555556,0.7222222222222222
100521,80590,Emma Navarro,11.0,0.23333333333333334,0.38333333333333336,0.6086956521739131,0.6765463917525774,0.6304761904761905,0.5099601593625498,0.5914948453608248,0.5211267605633803,0.7166666666666667,WTA,12 month,hard,11.0,0.2786885245901639,0.319672131147541,0.6679946879150066,0.3439363817097415,0.54,0.4090305444887118,0.4473684210526316,0.7213114754098361
100522,80591,Mei Yamaguchi,3.0,0.13953488372093023,0.09302325581395349,1.5,0.6988847583643123,0.6276595744680851,0.4444444444444444,0.5724907063197026,0.5897435897435898,0.627906976744186,WTA,12 month,hard,3.0,0.09302325581395349,0.23255813953488372,0.6581818181818182,0.39226519337016574,0.5425531914893618,0.4436363636363636,0.43243243243243246,0.627906976744186
100621,80690,Anastasia Potapova,12.0,0.19424460431654678,0.4316546762589928,0.45,0.6406712734452122,0.5839753466872111,0.41483516483516486,0.5231984205330701,0.6090225563909775,0.6258992805755396,WTA,12 month,hard,12.0,0.2446043165467626,0.35251798561151076,0.6497109826589595,0.40391459074733094,0.528052805280528,0.4473988439306359,0.4787234042553192,0.6762589928057554
100641,80710,Ekaterina Ovcharenko,1.0,0.0,0.42857142857142855,0.0,0.8360655737704918,0.47058823529411764,0.2,0.4262295081967213,0.5714285714285714,0.14285714285714285,WTA,12 month,hard,1.0,0.5,0.625,0.75,0.3589743589743589,0.5384615384615384,0.40384615384615385,0.2,0.875
100643,,Sara Lanca,2.0,0.0,0.5333333333333333,0.0,0.6818181818181818,0.43333333333333335,0.35714285714285715,0.4090909090909091,0.2857142857142857,0.3333333333333333,WTA,12 month,hard,2.0,0.35714285714285715,0.35714285714285715,0.7402597402597403,0.14035087719298245,0.5,0.23376623376623373,0.5,0.9285714285714286
100693,80761,Camila Osorio,14.0,0.22916666666666666,0.4652777777777778,0.4925373134328358,0.665650406504065,0.6412213740458015,0.43465045592705165,0.5721544715447154,0.5377358490566038,0.6597222222222222,WTA,12 month,hard,14.0,0.1437908496732026,0.28104575163398693,0.6649537512846866,0.4204018547140649,0.5674846625766872,0.4696813977389517,0.4793388429752066,0.6209150326797386
100715,80783,Manon Leonard,4.0,0.3404255319148936,0.14893617021276595,2.2857142857142856,0.6584615384615384,0.5700934579439252,0.5045045045045045,0.5476923076923077,0.5333333333333333,0.5531914893617021,WTA,12 month,hard,4.0,0.15217391304347827,0.391304347826087,0.6811145510835913,0.4,0.5242718446601942,0.4396284829721362,0.3541666666666667,0.6304347826086957
100728,80796,Yidi Yang,2.0,0.07407407407407407,0.14814814814814814,0.5,0.8131313131313131,0.6583850931677019,0.3783783783783784,0.6060606060606061,0.6842105263157895,0.7777777777777778,WTA,12 month,hard,2.0,0.14285714285714285,0.35714285714285715,0.7474747474747475,0.3648648648648649,0.5,0.398989898989899,0.29411764705882354,0.8214285714285714
100780,80848,Kamilla Rakhimova,13.0,0.12030075187969924,0.45112781954887216,0.26666666666666666,0.670150987224158,0.6377816291161178,0.426056338028169,0.5679442508710801,0.5585585585585585,0.631578947368421,WTA,12 month,hard,13.0,0.5036496350364964,0.31386861313868614,0.6855791962174941,0.36379310344827587,0.5939849624060151,0.43617021276595747,0.43434343434343436,0.6861313868613139
100807,80875,Simona Waltert,13.0,0.18571428571428572,0.4,0.4642857142857143,0.6780219780219781,0.586709886547812,0.46075085324232085,0.5461538461538461,0.5344827586206896,0.6142857142857143,WTA,12 month,hard,13.0,0.17391304347826086,0.3695652173913043,0.7006369426751592,0.39848484848484844,0.5673758865248226,0.44904458598726116,0.45454545454545453,0.6376811594202898
100818,80886,Panna Udvardy,5.0,0.11904761904761904,0.30952380952380953,0.38461538461538464,0.7669172932330827,0.5637254901960784,0.4032258064516129,0.5263157894736842,0.5333333333333333,0.5,WTA,12 month,hard,5.0,0.16279069767441862,0.3023255813953488,0.7931034482758621,0.2934782608695652,0.47916666666666663,0.3318965517241379,0.4666666666666667,0.8372093023255814
100844,80911,Francesca Jones,5.0,0.1111111111111111,0.2222222222222222,0.5,0.7535014005602241,0.5576208178438662,0.4090909090909091,0.5210084033613446,0.5789473684210527,0.5555555555555556,WTA,12 month,hard,5.0,0.42857142857142855,0.30357142857142855,0.7066666666666667,0.3632075471698113,0.5227272727272727,0.41000000000000003,0.4186046511627907,0.6785714285714286
100891,80957,Ann Li,10.0,0.3684210526315789,0.15789473684210525,2.3333333333333335,0.6295871559633027,0.6666666666666666,0.43343653250773995,0.5802752293577982,0.5632183908045977,0.7142857142857143,WTA,12 month,hard,10.0,0.15671641791044777,0.23880597014925373,0.6507009345794392,0.3105924596050269,0.5351170568561873,0.389018691588785,0.43617021276595747,0.6940298507462687
100896,80963,Mai Hontama,8.0,0.07228915662650602,0.3253012048192771,0.2222222222222222,0.6606170598911071,0.5686813186813187,0.48663101604278075,0.5408348457350273,0.5333333333333333,0.5783132530120482,WTA,12 month,hard,8.0,0.14285714285714285,0.23809523809523808,0.6472795497185742,0.4173913043478261,0.5212765957446808,0.4540337711069419,0.5074626865671642,0.5952380952380952
100900,80967,Whitney Osuigwe,13.0,0.07751937984496124,0.2868217054263566,0.2702702702702703,0.7801932367149759,0.56656346749226,0.46153846153846156,0.5434782608695652,0.5523809523809524,0.6356589147286822,WTA,12 month,hard,13.0,0.19230769230769232,0.3,0.7126436781609196,0.4139784946236559,0.5111111111111111,0.44189016602809705,0.5229357798165137,0.5615384615384615
100963,81030,Francisca Jorge,6.0,0.2222222222222222,0.2962962962962963,0.75,0.6990881458966566,0.6391304347826087,0.5656565656565656,0.6170212765957447,0.5405405405405406,0.6851851851851852,WTA,12 month,hard,6.0,0.2727272727272727,0.3090909090909091,0.6656151419558359,0.3459715639810427,0.46226415094339623,0.3848580441640379,0.40425531914893614,0.6545454545454545
100982,81049,Anna Siskova,5.0,0.2909090909090909,0.18181818181818182,1.6,0.7370030581039755,0.5933609958506224,0.5581395348837209,0.5840978593272171,0.5121951219512195,0.6363636363636364,WTA,12 month,hard,5.0,0.14814814814814814,0.2777777777777778,0.7240356083086054,0.3811475409836066,0.4946236559139785,0.41246290801186947,0.4782608695652174,0.5925925925925926
100989,81056,Maja Chwalinska,14.0,0.08333333333333333,0.1597222222222222,0.5217391304347826,0.757871878393051,0.5945558739255015,0.547085201793722,0.5830618892508144,0.5462962962962963,0.6597222222222222,WTA,12 month,hard,14.0,0.2191780821917808,0.21232876712328766,0.7104166666666667,0.46627565982404695,0.564748201438849,0.49479166666666663,0.5234375,0.541095890410959
101003,81070,Mina Hodzic,2.0,0.16666666666666666,0.2222222222222222,0.75,0.6695652173913044,0.5584415584415584,0.5,0.5391304347826087,0.5,0.6111111111111112,WTA,12 month,hard,2.0,0.4444444444444444,0.16666666666666666,0.7524752475247525,0.32894736842105265,0.6,0.39603960396039606,0.75,0.6666666666666666
101005,81072,Elizabeth Mandlik,7.0,0.14492753623188406,0.34782608695652173,0.4166666666666667,0.6658415841584159,0.5724907063197026,0.4074074074074074,0.5173267326732673,0.3877551020408163,0.5652173913043478,WTA,12 month,hard,7.0,0.16176470588235295,0.20588235294117646,0.6868008948545862,0.35504885993485347,0.5714285714285714,0.42281879194630867,0.45454545454545453,0.7058823529411765
101054,81121,Marta Kostyuk,6.0,0.391304347826087,0.2318840579710145,1.6875,0.6834862385321101,0.7181208053691275,0.4927536231884058,0.6467889908256881,0.7142857142857143,0.855072463768116,WTA,12 month,hard,6.0,0.12121212121212122,0.3333333333333333,0.6709677419354839,0.33333333333333337,0.5882352941176471,0.41720430107526885,0.41818181818181815,0.6515151515151515
101061,81128,Amanda Anisimova,11.0,0.32456140350877194,0.4298245614035088,0.7551020408163265,0.6474358974358975,0.6613861386138614,0.4727272727272727,0.5948717948717949,0.611764705882353,0.7105263157894737,WTA,12 month,hard,11.0,0.3247863247863248,0.4017094017094017,0.631979695431472,0.3674698795180723,0.5896551724137931,0.449238578680203,0.46875,0.6153846153846154
101121,81188,Sohyun Park,2.0,0.13333333333333333,0.13333333333333333,1.0,0.6782608695652174,0.5897435897435898,0.5135135135135135,0.5652173913043478,0.6666666666666666,0.6666666666666666,WTA,12 month,hard,2.0,0.4375,0.375,0.6095238095238096,0.3125,0.5365853658536586,0.4,0.3333333333333333,0.75
101173,81240,Olivia Gadecki,6.0,0.17647058823529413,0.19117647058823528,0.9230769230769231,0.6397058823529411,0.632183908045977,0.5034013605442177,0.5857843137254902,0.6,0.7352941176470589,WTA,12 month,hard,6.0,0.15942028985507245,0.30434782608695654,0.6627906976744186,0.368421052631579,0.5517241379310345,0.43023255813953487,0.3559322033898305,0.6956521739130435
101232,216324,Misaki Matsuda,4.0,0.18181818181818182,0.030303030303030304,6.0,0.6938775510204082,0.6323529411764706,0.5833333333333334,0.6173469387755102,0.5294117647058824,0.7575757575757576,WTA,12 month,hard,4.0,0.11428571428571428,0.3142857142857143,0.616580310880829,0.4453781512605042,0.6486486486486487,0.5233160621761659,0.7391304347826086,0.5142857142857142
101255,81322,Iga Swiatek,8.0,0.3333333333333333,0.20987654320987653,1.588235294117647,0.615234375,0.6857142857142857,0.4873096446700508,0.609375,0.5818181818181818,0.7160493827160493,WTA,12 month,hard,8.0,0.21686746987951808,0.20481927710843373,0.668488160291439,0.44141689373297,0.5879120879120879,0.48998178506375223,0.5064935064935064,0.5301204819277109
101275,81342,Sada Nahimana,2.0,0.11764705882352941,0.058823529411764705,2.0,0.8015873015873016,0.504950495049505,0.36,0.47619047619047616,0.5238095238095238,0.4117647058823529,WTA,12 month,hard,2.0,0.17647058823529413,0.058823529411764705,0.7884615384615384,0.31707317073170727,0.4545454545454546,0.34615384615384615,0.42857142857142855,0.8235294117647058
101474,81541,Mananchaya Sawangkaew,10.0,0.20212765957446807,0.425531914893617,0.475,0.6830508474576271,0.6799007444168734,0.39572192513368987,0.5898305084745763,0.6440677966101694,0.776595744680851,WTA,12 month,hard,10.0,0.25,0.26136363636363635,0.666077738515901,0.38726790450928383,0.5820105820105821,0.45229681978798586,0.5147058823529411,0.6022727272727273
102769,217861,Musangu Muchunga,4.0,0.43243243243243246,0.4594594594594595,0.9411764705882353,0.601063829787234,0.7079646017699115,0.41333333333333333,0.5904255319148937,0.5,0.7297297297297297,WTA,12 month,hard,4.0,0.17142857142857143,0.2571428571428571,0.6710526315789473,0.43790849673202614,0.5466666666666666,0.4736842105263158,0.5151515151515151,0.5142857142857142
104783,84841,Varvara Gracheva,13.0,0.24444444444444444,0.37777777777777777,0.6470588235294118,0.6724137931034483,0.6233974358974359,0.4440789473684211,0.5646551724137931,0.5428571428571428,0.6444444444444445,WTA,12 month,hard,13.0,0.4057971014492754,0.30434782608695654,0.6908893709327549,0.3657770800627943,0.5754385964912281,0.43058568329718006,0.4673913043478261,0.6884057971014492
104825,84883,Alycia Parks,14.0,0.6627218934911243,0.47928994082840237,1.382716049382716,0.5983754512635379,0.717948717948718,0.4202247191011236,0.5983754512635379,0.5887096774193549,0.6982248520710059,WTA,12 month,hard,14.0,0.12727272727272726,0.32727272727272727,0.6567685589519651,0.3204787234042553,0.5343511450381679,0.39388646288209606,0.3769230769230769,0.703030303030303
105217,85272,Zeynep Sonmez,14.0,0.11409395973154363,0.24161073825503357,0.4722222222222222,0.6757940854326396,0.5850891410048622,0.4797297297297297,0.5509309967141293,0.49557522123893805,0.6174496644295302,WTA,12 month,hard,14.0,0.25675675675675674,0.34459459459459457,0.7054582904222451,0.4,0.6118881118881119,0.46240988671472705,0.45185185185185184,0.5878378378378378
105240,85295,Eva Lys,1.0,0.0,0.14285714285714285,0.0,0.7078651685393258,0.5873015873015873,0.5384615384615384,0.5730337078651685,0.5454545454545454,0.6428571428571429,WTA,12 month,hard,1.0,0.6428571428571429,0.21428571428571427,0.5742574257425742,0.3448275862068966,0.5348837209302326,0.4257425742574258,0.36363636363636365,0.7142857142857143
105256,85310,Diane Parry,9.0,0.5476190476190477,0.23809523809523808,2.3,0.6913319238900634,0.7125382262996942,0.4726027397260274,0.638477801268499,0.5405405405405406,0.7976190476190477,WTA,12 month,hard,9.0,0.23529411764705882,0.4823529411764706,0.6610169491525424,0.3903133903133903,0.5444444444444445,0.44256120527306964,0.4603174603174603,0.6588235294117647
105275,85329,Leylah Fernandez,8.0,0.2911392405063291,0.46835443037974683,0.6216216216216216,0.6089494163424124,0.6645367412140575,0.5074626865671642,0.603112840466926,0.576271186440678,0.6835443037974683,WTA,12 month,hard,8.0,0.25925925925925924,0.4074074074074074,0.5975103734439834,0.24305555555555558,0.4587628865979382,0.3298755186721992,0.34146341463414637,0.8271604938271605
105324,85376,Moyuka Uchijima,12.0,0.2558139534883721,0.3333333333333333,0.7674418604651163,0.6111771700356718,0.6459143968871596,0.40978593272171254,0.5541022592152199,0.5196078431372549,0.6201550387596899,WTA,12 month,hard,12.0,0.1953125,0.2734375,0.6898096304591266,0.3977272727272727,0.5451263537906137,0.4434490481522956,0.44339622641509435,0.6328125
105330,220422,Teresa Franco Dias,1.0,0.14285714285714285,0.5714285714285714,0.25,0.4642857142857143,0.15384615384615385,0.13333333333333333,0.14285714285714285,0.14285714285714285,0.14285714285714285,WTA,12 month,hard,1.0,0.5,0.5,0.5277777777777778,0.21052631578947367,0.2941176470588235,0.25,1.0,0.8333333333333334
105343,85395,Anastasia Zakharova,15.0,0.11494252873563218,0.22988505747126436,0.5,0.7230483271375465,0.5951156812339332,0.45302013422818793,0.5557620817843866,0.556390977443609,0.6609195402298851,WTA,12 month,hard,15.0,0.34523809523809523,0.3869047619047619,0.6633027522935779,0.38312586445366525,0.5803814713896458,0.4495412844036697,0.4326241134751773,0.6369047619047619
105354,85407,Jazmin Ortenzi,2.0,0.0,0.16,0.0,0.7569060773480663,0.6131386861313869,0.4318181818181818,0.569060773480663,0.5555555555555556,0.68,WTA,12 month,hard,2.0,0.19230769230769232,0.2692307692307692,0.7465753424657534,0.33944954128440363,0.6486486486486487,0.4178082191780822,0.5,0.7307692307692307
105373,85426,Katie Volynets,13.0,0.1037037037037037,0.1037037037037037,1.0,0.8078817733990148,0.6128048780487805,0.4423076923076923,0.5800492610837439,0.4895833333333333,0.6370370370370371,WTA,12 month,hard,13.0,0.3582089552238806,0.44776119402985076,0.6157760814249363,0.3677685950413223,0.5728476821192052,0.44656488549618323,0.5252525252525253,0.6119402985074627
105374,85427,Joanna Garland,10.0,0.3473684210526316,0.2631578947368421,1.32,0.5950704225352113,0.6715976331360947,0.5347826086956522,0.6161971830985915,0.6440677966101694,0.7789473684210526,WTA,12 month,hard,10.0,0.3617021276595745,0.40425531914893614,0.6394316163410302,0.3138888888888889,0.5566502463054187,0.4014209591474245,0.3728813559322034,0.7659574468085106
105446,85497,Peyton Stearns,16.0,0.48044692737430167,0.3575418994413408,1.34375,0.6568,0.6297198538367844,0.45454545454545453,0.5696,0.5210084033613446,0.6815642458100558,WTA,12 month,hard,16.0,0.3021978021978022,0.45054945054945056,0.6824324324324325,0.3787128712871287,0.574468085106383,0.4408783783783784,0.45112781954887216,0.6703296703296703
105448,220550,Dalayna Hewitt,3.0,0.7333333333333333,0.13333333333333333,5.5,0.6363636363636364,0.7472527472527473,0.6346153846153846,0.7062937062937062,0.4444444444444444,0.8333333333333334,WTA,12 month,hard,3.0,0.0,0.10344827586206896,0.6386138613861386,0.4108527131782945,0.4794520547945206,0.4356435643564357,0.3333333333333333,0.7241379310344828
105452,220554,Alice Tubello,1.0,0.09090909090909091,0.36363636363636365,0.25,0.6329113924050633,0.52,0.3793103448275862,0.46835443037974683,0.36363636363636365,0.36363636363636365,WTA,12 month,hard,1.0,0.08333333333333333,0.16666666666666666,0.65625,0.33333333333333337,0.4545454545454546,0.375,0.75,0.75
105487,85538,Elina Avanesyan,6.0,0.0,0.6575342465753424,0.0,0.6467991169977925,0.5972696245733788,0.35625,0.5121412803532008,0.4507042253521127,0.4657534246575342,WTA,12 month,hard,6.0,0.13924050632911392,0.26582278481012656,0.7293064876957495,0.4049079754601227,0.6198347107438016,0.46308724832214765,0.4927536231884058,0.569620253164557
105560,85611,Veronika Erjavec,6.0,0.1111111111111111,0.09523809523809523,1.1666666666666667,0.75,0.5851063829787234,0.44680851063829785,0.550531914893617,0.4166666666666667,0.6666666666666666,WTA,12 month,hard,6.0,0.2,0.36666666666666664,0.7614678899082569,0.37650602409638556,0.5769230769230769,0.42431192660550454,0.41025641025641024,0.7333333333333333
105571,85622,Alana Smith,2.0,0.5384615384615384,0.2692307692307692,2.0,0.7142857142857143,0.6461538461538462,0.40384615384615385,0.5769230769230769,0.6666666666666666,0.6538461538461539,WTA,12 month,hard,2.0,0.2222222222222222,0.2962962962962963,0.6454545454545455,0.3802816901408451,0.5641025641025641,0.44545454545454544,0.21621621621621623,0.7037037037037037
105578,85629,Fiona Crawley,3.0,0.037037037037037035,0.2222222222222222,0.16666666666666666,0.6193181818181818,0.4954128440366973,0.5074626865671642,0.5,0.6,0.6296296296296297,WTA,12 month,hard,3.0,0.12,0.2,0.7010869565217391,0.4496124031007752,0.6181818181818182,0.5,0.4230769230769231,0.56
105597,85647,Julia Riera,2.0,0.19047619047619047,0.09523809523809523,2.0,0.6888888888888889,0.6344086021505376,0.4523809523809524,0.5777777777777777,0.42857142857142855,0.6190476190476191,WTA,12 month,hard,2.0,0.23809523809523808,0.2857142857142857,0.6343283582089553,0.2705882352941177,0.5306122448979591,0.3656716417910447,0.6666666666666666,0.8095238095238095
105602,85652,Clara Tauson,13.0,0.5323741007194245,0.2517985611510791,2.1142857142857143,0.6555555555555556,0.6854990583804144,0.4659498207885305,0.6098765432098765,0.5662650602409639,0.7410071942446043,WTA,12 month,hard,13.0,0.20270270270270271,0.31756756756756754,0.6436651583710408,0.38488576449912126,0.5523809523809524,0.4445701357466063,0.5164835164835165,0.6824324324324325
105611,220713,Nika Radisic,1.0,0.2857142857142857,0.2857142857142857,1.0,0.8780487804878049,0.8333333333333334,0.4,0.7804878048780488,,1.0,WTA,12 month,hard,1.0,0.0,0.75,0.76,0.4473684210526315,0.75,0.52,0.6666666666666666,0.5
105612,85662,Elisabetta Cocciaretto,18.0,0.1650485436893204,0.27184466019417475,0.6071428571428571,0.715372907153729,0.6446808510638298,0.47058823529411764,0.5951293759512938,0.5590551181102362,0.7281553398058253,WTA,12 month,hard,18.0,0.23300970873786409,0.2524271844660194,0.692063492063492,0.38646788990825687,0.5747422680412371,0.4444444444444444,0.46551724137931033,0.6067961165048543
105614,85664,Oleksandra Oliynykova,5.0,0.03333333333333333,0.21666666666666667,0.15384615384615385,0.7488479262672811,0.6092307692307692,0.44954128440366975,0.5691244239631337,0.6727272727272727,0.7,WTA,12 month,hard,5.0,0.09836065573770492,0.29508196721311475,0.7371007371007371,0.3833333333333333,0.5700934579439252,0.43243243243243246,0.4166666666666667,0.6721311475409836
105616,85666,Sakura Hosogi,6.0,0.11940298507462686,0.19402985074626866,0.6153846153846154,0.7396313364055299,0.6074766355140186,0.3893805309734513,0.5506912442396313,0.5576923076923077,0.6567164179104478,WTA,12 month,hard,6.0,0.31746031746031744,0.3492063492063492,0.6923076923076923,0.4248366013071896,0.5955882352941176,0.4773755656108597,0.44776119402985076,0.5238095238095238
105620,85670,Elvina Kalieva,11.0,0.4153846153846154,0.19230769230769232,2.16,0.6649484536082474,0.689922480620155,0.5038461538461538,0.6275773195876289,0.5633802816901409,0.7615384615384615,WTA,12 month,hard,11.0,0.16535433070866143,0.2992125984251969,0.7075892857142857,0.4211356466876972,0.5381679389312977,0.4553571428571429,0.5543478260869565,0.5984251968503937
105631,85681,Carole Monnet,4.0,0.125,0.5357142857142857,0.23333333333333334,0.7424242424242424,0.5224489795918368,0.36470588235294116,0.4818181818181818,0.38636363636363635,0.5178571428571429,WTA,12 month,hard,4.0,0.2830188679245283,0.5094339622641509,0.7182044887780549,0.36458333333333337,0.6283185840707964,0.4389027431421446,0.32,0.6981132075471698
105633,85683,Tina Nadine Smith,3.0,0.18518518518518517,0.18518518518518517,1.0,0.5737704918032787,0.5238095238095238,0.5,0.5136612021857924,0.48148148148148145,0.48148148148148145,WTA,12 month,hard,3.0,0.18518518518518517,0.5925925925925926,0.5302325581395348,0.35964912280701755,0.594059405940594,0.46976744186046515,0.3793103448275862,0.5925925925925926
105640,85690,Leyre Romero Gormaz,7.0,0.08860759493670886,0.27848101265822783,0.3181818181818182,0.5749525616698292,0.5610561056105611,0.44642857142857145,0.5123339658444023,0.45454545454545453,0.620253164556962,WTA,12 month,hard,7.0,0.15384615384615385,0.2564102564102564,0.6470588235294118,0.4457478005865103,0.478494623655914,0.4573055028462998,0.5147058823529411,0.5512820512820513
105648,85698,Daria Snigur,18.0,0.09375,0.1625,0.5769230769230769,0.8140960163432074,0.6223337515683814,0.46153846153846156,0.59244126659857,0.5849056603773585,0.725,WTA,12 month,hard,18.0,0.2578616352201258,0.34591194968553457,0.6515151515151515,0.4775193798449613,0.6376811594202898,0.5333333333333333,0.5227272727272727,0.42138364779874216
105655,85705,Lia Karatancheva,3.0,0.06060606060606061,0.2727272727272727,0.2222222222222222,0.6346153846153846,0.5909090909090909,0.4605263157894737,0.5432692307692307,0.4090909090909091,0.6060606060606061,WTA,12 month,hard,3.0,0.09090909090909091,0.696969696969697,0.5742574257425742,0.2844827586206896,0.6046511627906976,0.42079207920792083,0.4583333333333333,0.6666666666666666
105668,85718,Eva Vedder,1.0,0.1111111111111111,0.1111111111111111,1.0,0.6764705882352942,0.41304347826086957,0.36363636363636365,0.39705882352941174,0.46153846153846156,0.2222222222222222,WTA,12 month,hard,1.0,0.0,0.5555555555555556,0.78125,0.42000000000000004,0.6428571428571428,0.46875,0.36363636363636365,0.5555555555555556
105723,220825,Akanksha Dileep Nitture,1.0,0.125,0.375,0.3333333333333333,0.7317073170731707,0.5,0.09090909090909091,0.3902439024390244,0.16666666666666666,0.375,WTA,12 month,hard,1.0,0.0,0.14285714285714285,0.68,0.2941176470588235,0.3125,0.30000000000000004,0.25,0.8571428571428571
105740,85790,Shrivalli Rashmikaa Bhamidipaty,1.0,0.375,0.5,0.75,0.38,0.5263157894736842,0.41935483870967744,0.46,0.5,0.375,WTA,12 month,hard,1.0,0.75,0.25,0.6065573770491803,0.3513513513513513,0.45833333333333337,0.39344262295081966,0.3333333333333333,0.875
105785,220887,Elizabeth Coleman,1.0,0.0,0.1111111111111111,0.0,0.7288135593220338,0.5348837209302325,0.3125,0.4745762711864407,0.6428571428571429,0.4444444444444444,WTA,12 month,hard,1.0,0.2222222222222222,0.1111111111111111,0.6607142857142857,0.32432432432432434,0.4736842105263158,0.375,0.3333333333333333,0.7777777777777778
105898,85947,Diletta Cherubini,1.0,0.0,0.125,0.0,0.7209302325581395,0.45161290322580644,0.25,0.3953488372093023,0.0,0.375,WTA,12 month,hard,1.0,0.375,0.25,0.6739130434782609,0.22580645161290325,0.4666666666666667,0.30434782608695654,0.5,0.875
105910,85958,Qinwen Zheng,3.0,1.0625,0.5,2.125,0.6283783783783784,0.7258064516129032,0.4818181818181818,0.6351351351351351,0.7419354838709677,0.75,WTA,12 month,hard,3.0,0.5294117647058824,0.38235294117647056,0.6690647482014388,0.31720430107526887,0.5326086956521738,0.38848920863309355,0.5294117647058824,0.7352941176470589
105921,85969,Victoria Hu,2.0,0.14285714285714285,0.09523809523809523,1.5,0.7391304347826086,0.6176470588235294,0.4722222222222222,0.5797101449275363,0.631578947368421,0.6666666666666666,WTA,12 month,hard,2.0,0.0,0.19047619047619047,0.7426470588235294,0.48514851485148514,0.5142857142857142,0.49264705882352944,0.47619047619047616,0.5238095238095238
105922,85970,Hailey Baptiste,12.0,0.38848920863309355,0.2949640287769784,1.3170731707317074,0.6471774193548387,0.6479750778816199,0.4714285714285714,0.5856854838709677,0.5333333333333333,0.697841726618705,WTA,12 month,hard,12.0,0.19310344827586207,0.23448275862068965,0.7093023255813954,0.35022354694485847,0.5345454545454545,0.40380549682875266,0.37254901960784315,0.7379310344827587
105937,85985,Elsa Jacquemot,7.0,0.2894736842105263,0.618421052631579,0.46808510638297873,0.6414414414414414,0.6095505617977528,0.36180904522613067,0.5207207207207207,0.5223880597014925,0.5789473684210527,WTA,12 month,hard,7.0,0.3026315789473684,0.2894736842105263,0.6591375770020534,0.2741433021806854,0.5240963855421688,0.35934291581108835,0.3111111111111111,0.8157894736842105
105952,85999,Emma Raducanu,11.0,0.14678899082568808,0.3119266055045872,0.47058823529411764,0.6866096866096866,0.6037344398340249,0.44545454545454544,0.5541310541310541,0.5384615384615384,0.6146788990825688,WTA,12 month,hard,11.0,0.3394495412844037,0.42201834862385323,0.6685006877579092,0.39094650205761317,0.6348547717842323,0.47180192572214585,0.5,0.5779816513761468
105971,86018,Anastasia Tikhonova,1.0,0.2222222222222222,0.2222222222222222,1.0,0.47368421052631576,0.6111111111111112,0.35,0.47368421052631576,0.5,0.5555555555555556,WTA,12 month,hard,1.0,0.0,0.0,0.7352941176470589,0.24,0.33333333333333337,0.2647058823529411,0.5,0.875
105984,221086,Mariia Tkacheva,4.0,0.2702702702702703,0.4594594594594595,0.5882352941176471,0.7363636363636363,0.5246913580246914,0.5344827586206896,0.5272727272727272,0.44,0.6216216216216216,WTA,12 month,hard,4.0,0.2571428571428571,0.34285714285714286,0.7831858407079646,0.4124293785310734,0.30612244897959184,0.3893805309734514,0.36363636363636365,0.7714285714285715
105994,86041,Sijia Wei,2.0,0.1,0.2,0.5,0.7521367521367521,0.4772727272727273,0.6896551724137931,0.5299145299145299,0.5,0.45,WTA,12 month,hard,2.0,0.2857142857142857,0.19047619047619047,0.8153846153846154,0.34905660377358494,0.04166666666666663,0.29230769230769227,0.3,0.7142857142857143
105997,86044,Rina Saigo,2.0,0.17647058823529413,0.29411764705882354,0.6,0.6063829787234043,0.5087719298245614,0.3783783783783784,0.4574468085106383,0.35714285714285715,0.47058823529411764,WTA,12 month,hard,2.0,0.13333333333333333,0.4,0.6326530612244898,0.25806451612903225,0.4444444444444444,0.326530612244898,0.3333333333333333,0.8666666666666667
106001,86048,Coco Gauff,10.0,0.13333333333333333,0.7238095238095238,0.18421052631578946,0.6395864106351551,0.6836027713625866,0.39344262295081966,0.5790251107828656,0.5205479452054794,0.6666666666666666,WTA,12 month,hard,10.0,0.1619047619047619,0.20952380952380953,0.672972972972973,0.4257028112449799,0.5289256198347108,0.45945945945945943,0.4891304347826087,0.5714285714285714
106022,86069,Himeno Sakatsume,15.0,0.2857142857142857,0.19875776397515527,1.4375,0.6868867082961642,0.6376623376623377,0.43304843304843305,0.5735950044603033,0.6106870229007634,0.6832298136645962,WTA,12 month,hard,15.0,0.15757575757575756,0.3212121212121212,0.6866666666666666,0.3952843273231623,0.5592705167173253,0.44666666666666666,0.45255474452554745,0.6242424242424243
106055,86101,Diana Martynov,4.0,0.5333333333333333,0.15555555555555556,3.4285714285714284,0.6633986928104575,0.6108374384236454,0.44660194174757284,0.5555555555555556,0.6666666666666666,0.6666666666666666,WTA,12 month,hard,4.0,0.20833333333333334,0.3125,0.6312056737588653,0.4269662921348315,0.5576923076923077,0.475177304964539,0.59375,0.6041666666666666
106062,86108,Matilde Jorge,6.0,0.12307692307692308,0.36923076923076925,0.3333333333333333,0.6658823529411765,0.5795053003533569,0.44366197183098594,0.5341176470588235,0.5901639344262295,0.6153846153846154,WTA,12 month,hard,6.0,0.12698412698412698,0.38095238095238093,0.7041036717062635,0.42944785276073616,0.5766423357664234,0.47300215982721383,0.47368421052631576,0.5714285714285714
106085,86131,Priska Madelyn Nugroho,1.0,0.0,0.14285714285714285,0.0,0.6046511627906976,0.46153846153846156,0.4117647058823529,0.4418604651162791,0.375,0.2857142857142857,WTA,12 month,hard,1.0,0.25,0.25,0.627906976744186,0.18518518518518523,0.4375,0.2790697674418605,0.0,1.0
106118,86163,Lea Ma,3.0,0.4074074074074074,0.037037037037037035,11.0,0.6466666666666666,0.7010309278350515,0.5660377358490566,0.6533333333333333,0.5,0.7777777777777778,WTA,12 month,hard,3.0,0.38461538461538464,0.34615384615384615,0.6932515337423313,0.3097345132743363,0.6599999999999999,0.4171779141104295,0.6,0.6538461538461539
106134,86180,Polina Kudermetova,9.0,0.367816091954023,0.4482758620689655,0.8205128205128205,0.5667244367417678,0.7186544342507645,0.468,0.610051993067591,0.5416666666666666,0.7471264367816092,WTA,12 month,hard,9.0,0.4777777777777778,0.37777777777777777,0.6221374045801527,0.38650306748466257,0.5555555555555556,0.45038167938931295,0.576271186440678,0.6222222222222222
106135,86181,Maria Timofeeva,8.0,0.16279069767441862,0.18604651162790697,0.875,0.671003717472119,0.5761772853185596,0.4745762711864407,0.5427509293680297,0.5303030303030303,0.6395348837209303,WTA,12 month,hard,8.0,0.0975609756097561,0.4146341463414634,0.6666666666666666,0.4470899470899471,0.6190476190476191,0.5044091710758378,0.5316455696202531,0.4878048780487805
106155,86201,Sinja Kraus,10.0,0.18811881188118812,0.27722772277227725,0.6785714285714286,0.5869565217391305,0.6455026455026455,0.4398496240601504,0.5605590062111802,0.5256410256410257,0.6336633663366337,WTA,12 month,hard,10.0,0.3,0.25,0.702416918429003,0.3827956989247312,0.532994923857868,0.4274924471299094,0.391304347826087,0.64
106205,86251,Darja Vidmanova,17.0,0.453551912568306,0.1912568306010929,2.3714285714285714,0.7405891980360065,0.6209944751381216,0.5331230283911672,0.5981996726677578,0.6015037593984962,0.7103825136612022,WTA,12 month,hard,17.0,0.15508021390374332,0.36363636363636365,0.7096505823627288,0.42790152403282533,0.5730659025787965,0.4700499168053245,0.44047619047619047,0.6042780748663101
106231,86277,Solana Sierra,10.0,0.20618556701030927,0.38144329896907214,0.5405405405405406,0.6314102564102564,0.583756345177665,0.45217391304347826,0.5352564102564102,0.5402298850574713,0.5876288659793815,WTA,12 month,hard,10.0,0.3684210526315789,0.35789473684210527,0.6579861111111112,0.31398416886543534,0.5380710659898478,0.390625,0.5185185185185185,0.7052631578947368
106252,86297,Lisa Pigato,1.0,0.0,0.3333333333333333,0.0,0.717391304347826,0.3939393939393939,0.23076923076923078,0.34782608695652173,0.2857142857142857,0.4444444444444444,WTA,12 month,hard,1.0,0.5,0.125,0.82,0.4878048780487805,0.5555555555555556,0.5,0.5,0.75
106304,86349,Alina Charaeva,9.0,0.30303030303030304,0.29292929292929293,1.0344827586206897,0.6565977742448331,0.6368038740920097,0.47685185185185186,0.5818759936406995,0.6029411764705882,0.7272727272727273,WTA,12 month,hard,9.0,0.3191489361702128,0.2978723404255319,0.6782608695652174,0.3717948717948718,0.5045045045045045,0.4144927536231884,0.35135135135135137,0.723404255319149
106305,86350,Oksana Selekhmeteva,14.0,0.16783216783216784,0.5034965034965035,0.3333333333333333,0.7315296566077003,0.620199146514936,0.39147286821705424,0.558792924037461,0.6068376068376068,0.6783216783216783,WTA,12 month,hard,14.0,0.21830985915492956,0.30985915492957744,0.6568306010928961,0.4059900166389351,0.5573248407643312,0.4579234972677596,0.5,0.6056338028169014
106410,86455,Katrina Scott,2.0,0.05555555555555555,0.2777777777777778,0.2,0.7272727272727273,0.5375,0.4666666666666667,0.5181818181818182,0.5,0.6111111111111112,WTA,12 month,hard,2.0,0.2222222222222222,0.05555555555555555,0.8210526315789474,0.3846153846153846,0.17647058823529416,0.34736842105263155,0.6,0.8333333333333334
106522,221624,Carson Tanguilig,1.0,0.0,0.5833333333333334,0.0,0.6623376623376623,0.5490196078431373,0.3076923076923077,0.4675324675324675,0.46153846153846156,0.4166666666666667,WTA,12 month,hard,1.0,0.0,0.08333333333333333,0.7887323943661971,0.3571428571428571,0.5333333333333333,0.3943661971830986,0.5,0.75
106524,86569,Linda Klimovicova,8.0,0.4189189189189189,0.4189189189189189,1.0,0.6264501160092807,0.6703703703703704,0.4968944099378882,0.605568445475638,0.5660377358490566,0.6891891891891891,WTA,12 month,hard,8.0,0.2857142857142857,0.21428571428571427,0.7,0.3588039867109635,0.43410852713178294,0.38139534883720927,0.5897435897435898,0.6714285714285714
106781,86824,Talia Gibson,6.0,0.5454545454545454,0.36363636363636365,1.5,0.6367924528301887,0.6296296296296297,0.4155844155844156,0.5518867924528302,0.3888888888888889,0.6666666666666666,WTA,12 month,hard,6.0,0.31343283582089554,0.2537313432835821,0.6673819742489271,0.40836012861736337,0.5290322580645161,0.4484978540772532,0.4166666666666667,0.6268656716417911
106783,86826,Fangran Tian,4.0,0.06976744186046512,0.27906976744186046,0.25,0.7091503267973857,0.6589861751152074,0.4157303370786517,0.5882352941176471,0.6764705882352942,0.7441860465116279,WTA,12 month,hard,4.0,0.11363636363636363,0.25,0.7121771217712177,0.4248704663212435,0.5128205128205128,0.45018450184501846,0.5,0.6590909090909091
106807,86849,Ashlyn Krueger,9.0,0.49,0.41,1.1951219512195121,0.69164265129683,0.6520833333333333,0.4252336448598131,0.5821325648414986,0.5915492957746479,0.71,WTA,12 month,hard,9.0,0.10679611650485436,0.2912621359223301,0.6946564885496184,0.36483516483516487,0.46499999999999997,0.3954198473282443,0.323943661971831,0.7766990291262136
106809,86851,Selena Janicijevic,2.0,0.1111111111111111,0.4444444444444444,0.25,0.7326732673267327,0.6081081081081081,0.5555555555555556,0.594059405940594,0.6086956521739131,0.5,WTA,12 month,hard,2.0,0.3333333333333333,0.2222222222222222,0.8155339805825242,0.3214285714285714,0.26315789473684215,0.3106796116504854,0.6,0.8333333333333334
106831,221933,Marian Gomez Pezuela Cano,1.0,0.0,0.2222222222222222,0.0,0.6774193548387096,0.3333333333333333,0.4,0.3548387096774194,0.3333333333333333,0.3333333333333333,WTA,12 month,hard,1.0,0.0,0.7777777777777778,0.5,0.3157894736842105,0.736842105263158,0.5263157894736843,0.6,0.6666666666666666
106883,86925,Darja Semenistaja,12.0,0.225,0.15,1.5,0.7603626943005182,0.5809199318568995,0.41081081081081083,0.5401554404145078,0.3670886075949367,0.5833333333333334,WTA,12 month,hard,12.0,0.3089430894308943,0.21951219512195122,0.7354758961681088,0.4336134453781513,0.5373831775700935,0.46106304079110016,0.5,0.6666666666666666
106915,86956,Anouk Koevermans,6.0,0.423728813559322,0.5932203389830508,0.7142857142857143,0.638961038961039,0.6382113821138211,0.43884892086330934,0.5662337662337662,0.5909090909090909,0.6949152542372882,WTA,12 month,hard,6.0,0.14285714285714285,0.23214285714285715,0.6831683168316832,0.39855072463768115,0.5703125,0.45297029702970293,0.4444444444444444,0.5714285714285714
107043,87082,Janice Tjen,12.0,0.3652173913043478,0.391304347826087,0.9333333333333333,0.5978260869565217,0.6386363636363637,0.46621621621621623,0.5692934782608695,0.5357142857142857,0.6608695652173913,WTA,12 month,hard,12.0,0.3181818181818182,0.4,0.6442048517520216,0.3138075313807531,0.5189393939393939,0.3867924528301887,0.42424242424242425,0.7454545454545455
107054,87093,Silvia Ambrosio,2.0,0.15384615384615385,0.38461538461538464,0.4,0.6770833333333334,0.5384615384615384,0.45161290322580644,0.5104166666666666,0.375,0.6153846153846154,WTA,12 month,hard,2.0,0.0,0.3076923076923077,0.71875,0.46376811594202894,0.6666666666666667,0.5208333333333333,0.3888888888888889,0.46153846153846156
107069,87108,Nahia Berecoechea,1.0,0.0,0.4444444444444444,0.0,0.627906976744186,0.5555555555555556,0.4375,0.5116279069767442,0.16666666666666666,0.4444444444444444,WTA,12 month,hard,1.0,0.375,0.5,0.6,0.19444444444444442,0.625,0.3666666666666667,0.6666666666666666,0.75
107087,87126,Anna Sinclair Rogers,2.0,0.1111111111111111,0.05555555555555555,2.0,0.6818181818181818,0.5866666666666667,0.37142857142857144,0.5181818181818182,0.1111111111111111,0.5555555555555556,WTA,12 month,hard,2.0,0.16666666666666666,0.2222222222222222,0.6372549019607843,0.23076923076923073,0.3513513513513513,0.27450980392156865,0.3333333333333333,0.9444444444444444
107131,87169,Marina Stakusic,9.0,0.12941176470588237,0.3176470588235294,0.4074074074074074,0.6367112810707457,0.6546546546546547,0.4789473684210526,0.5908221797323135,0.5111111111111111,0.7411764705882353,WTA,12 month,hard,9.0,0.15294117647058825,0.25882352941176473,0.6808118081180812,0.4227642276422764,0.5838150289017341,0.474169741697417,0.6,0.5764705882352941
107156,87194,Linda Fruhvirtova,13.0,0.24324324324324326,0.44594594594594594,0.5454545454545454,0.6565349544072948,0.6481481481481481,0.3952802359882006,0.5612968591691996,0.5514018691588785,0.6756756756756757,WTA,12 month,hard,13.0,0.24161073825503357,0.28859060402684567,0.6568228105906314,0.4232558139534883,0.5756676557863502,0.47556008146639506,0.4523809523809524,0.6174496644295302
107171,87209,Gina Marie Dittmann,2.0,0.11764705882352941,0.11764705882352941,1.0,0.7222222222222222,0.5076923076923077,0.56,0.5222222222222223,0.125,0.5882352941176471,WTA,12 month,hard,2.0,0.058823529411764705,0.17647058823529413,0.6206896551724138,0.6296296296296297,0.6060606060606061,0.6206896551724138,0.5,0.5294117647058824
107188,87226,Lanlana Tararudee,15.0,0.44155844155844154,0.33766233766233766,1.3076923076923077,0.5623762376237624,0.721830985915493,0.46153846153846156,0.6079207920792079,0.5543478260869565,0.7337662337662337,WTA,12 month,hard,15.0,0.17901234567901234,0.21604938271604937,0.6596596596596597,0.3975720789074355,0.5676470588235294,0.4554554554554554,0.4765625,0.6234567901234568
107194,222296,Zhuoxuan Bai,5.0,0.11320754716981132,0.20754716981132076,0.5454545454545454,0.7131147540983607,0.5977011494252874,0.42857142857142855,0.5491803278688525,0.6274509803921569,0.6415094339622641,WTA,12 month,hard,5.0,0.37037037037037035,0.5555555555555556,0.664,0.43775100401606426,0.5873015873015873,0.488,0.5348837209302325,0.5740740740740741
107226,87264,Linda Noskova,9.0,0.5596330275229358,0.43119266055045874,1.297872340425532,0.6284916201117319,0.6977777777777778,0.4849624060150376,0.6187150837988827,0.6119402985074627,0.7614678899082569,WTA,12 month,hard,9.0,0.5225225225225225,0.26126126126126126,0.6884272997032641,0.3168103448275862,0.5714285714285714,0.39614243323442133,0.44594594594594594,0.7027027027027027
107499,87533,Jessica Bouzas Maneiro,6.0,0.18181818181818182,0.4727272727272727,0.38461538461538464,0.608955223880597,0.5784313725490197,0.3282442748091603,0.48059701492537316,0.36363636363636365,0.4909090909090909,WTA,12 month,hard,6.0,0.1,0.36,0.6041055718475073,0.34466019417475724,0.5111111111111111,0.4105571847507331,0.45714285714285713,0.68
107559,87592,Sonay Kartal,14.0,0.2413793103448276,0.041379310344827586,5.833333333333333,0.6747967479674797,0.6660929432013769,0.5428571428571428,0.6260162601626016,0.4691358024691358,0.7034482758620689,WTA,12 month,hard,14.0,0.15894039735099338,0.2052980132450331,0.6594871794871795,0.38724727838258166,0.5692771084337349,0.4492307692307692,0.4909090909090909,0.6423841059602649
107565,222667,Monique Barry,1.0,0.125,0.25,0.5,0.6829268292682927,0.42857142857142855,0.3076923076923077,0.3902439024390244,0.16666666666666666,0.375,WTA,12 month,hard,1.0,0.2857142857142857,0.42857142857142855,0.6226415094339622,0.24242424242424243,0.5,0.339622641509434,0.3333333333333333,0.8571428571428571
107864,87894,Dominika Salkova,10.0,0.17475728155339806,0.4368932038834951,0.4,0.6364942528735632,0.5959367945823928,0.42292490118577075,0.5330459770114943,0.5862068965517241,0.6504854368932039,WTA,12 month,hard,10.0,0.41346153846153844,0.4326923076923077,0.603448275862069,0.42619047619047623,0.5905797101449275,0.4913793103448276,0.5308641975308642,0.5865384615384616
107878,87908,Lucie Havlickova,1.0,0.46153846153846156,0.3076923076923077,1.5,0.5375,0.6511627906976745,0.5135135135135135,0.5875,0.6,0.6923076923076923,WTA,12 month,hard,1.0,0.3076923076923077,0.15384615384615385,0.5671641791044776,0.13157894736842102,0.4482758620689655,0.26865671641791045,0.2857142857142857,0.8461538461538461
108018,223120,Briana Szabo,1.0,0.2857142857142857,0.14285714285714285,2.0,0.725,0.41379310344827586,0.45454545454545453,0.425,0.375,0.2857142857142857,WTA,12 month,hard,1.0,0.2857142857142857,0.0,0.8235294117647058,0.1785714285714286,0.16666666666666663,0.17647058823529416,,1.0
108061,223163,Elyse Tse,1.0,0.14285714285714285,0.2857142857142857,0.5,0.5476190476190477,0.4782608695652174,0.3157894736842105,0.40476190476190477,0.375,0.2857142857142857,WTA,12 month,hard,1.0,0.3333333333333333,0.16666666666666666,0.717948717948718,0.1071428571428571,0.6363636363636364,0.2564102564102564,,1.0
108066,88095,Mary Stoiana,10.0,0.14728682170542637,0.21705426356589147,0.6785714285714286,0.7585421412300684,0.5825825825825826,0.4858490566037736,0.5592255125284739,0.53,0.6356589147286822,WTA,12 month,hard,10.0,0.13636363636363635,0.15151515151515152,0.7694915254237288,0.4243759177679882,0.5147058823529411,0.4451977401129944,0.48,0.6363636363636364
108092,88121,Taylah Preston,8.0,0.17582417582417584,0.25274725274725274,0.6956521739130435,0.7,0.580952380952381,0.4166666666666667,0.5316666666666666,0.4225352112676056,0.5494505494505495,WTA,12 month,hard,8.0,0.40217391304347827,0.358695652173913,0.6650485436893204,0.416058394160584,0.6135265700483092,0.482200647249191,0.49411764705882355,0.5434782608695652
108151,88177,Alexandra Eala,16.0,0.0875,0.29375,0.2978723404255319,0.6524953789279113,0.6147308781869688,0.4601063829787234,0.5609981515711645,0.544,0.64375,WTA,12 month,hard,16.0,0.36024844720496896,0.42857142857142855,0.6286995515695067,0.3880171184022825,0.6111111111111112,0.47085201793721976,0.43790849673202614,0.5838509316770186
108184,88210,Victoria Jimenez Kasintseva,11.0,0.08270676691729323,0.43609022556390975,0.1896551724137931,0.7358695652173913,0.5376661742983752,0.448559670781893,0.5141304347826087,0.5182481751824818,0.5037593984962406,WTA,12 month,hard,11.0,0.13970588235294118,0.34558823529411764,0.7222222222222222,0.4509803921568627,0.5372549019607843,0.47494553376906323,0.4496124031007752,0.5735294117647058
108219,88244,Sofia Costoulas,12.0,0.392,0.192,2.0416666666666665,0.7092866756393001,0.6888045540796964,0.5046296296296297,0.6352624495289367,0.6285714285714286,0.792,WTA,12 month,hard,12.0,0.224,0.2,0.6996197718631179,0.37318840579710144,0.5527426160337553,0.42712294043092525,0.4329896907216495,0.664
108221,88246,Barbora Palicova,3.0,0.06896551724137931,0.2413793103448276,0.2857142857142857,0.6701030927835051,0.5153846153846153,0.4375,0.4896907216494845,0.5151515151515151,0.4482758620689655,WTA,12 month,hard,3.0,0.39285714285714285,0.14285714285714285,0.7295597484276729,0.3362068965517241,0.4418604651162791,0.3647798742138365,0.5,0.75
108223,88248,Polina Iatcenko,6.0,0.25396825396825395,0.19047619047619047,1.3333333333333333,0.6868421052631579,0.6245210727969349,0.6050420168067226,0.618421052631579,0.5434782608695652,0.6666666666666666,WTA,12 month,hard,6.0,0.2698412698412698,0.31746031746031744,0.6945945945945946,0.3618677042801557,0.5309734513274336,0.4135135135135135,0.40816326530612246,0.6825396825396826
108231,88256,Noma Noha Akugue,3.0,0.19230769230769232,0.34615384615384615,0.5555555555555556,0.6623376623376623,0.5980392156862745,0.4423076923076923,0.5454545454545454,0.45,0.5769230769230769,WTA,12 month,hard,3.0,0.037037037037037035,0.18518518518518517,0.6,0.5888888888888889,0.5166666666666666,0.56,0.5,0.37037037037037035
108233,88258,Cadence Brace,6.0,0.12698412698412698,0.31746031746031744,0.4,0.6728971962616822,0.5729166666666666,0.40714285714285714,0.5186915887850467,0.5166666666666667,0.5396825396825397,WTA,12 month,hard,6.0,0.25396825396825395,0.23809523809523808,0.6492537313432836,0.421455938697318,0.5035460992907801,0.4502487562189055,0.5952380952380952,0.6031746031746031
108258,88282,Nikola Bartunkova,16.0,0.3006535947712418,0.3790849673202614,0.7931034482758621,0.6053763440860215,0.655417406749556,0.4196185286103542,0.5623655913978495,0.4807692307692308,0.6470588235294118,WTA,12 month,hard,16.0,0.2119205298013245,0.2913907284768212,0.6920565832426551,0.41823899371069184,0.558303886925795,0.4613710554951034,0.5688073394495413,0.5894039735099338
108568,88585,Diana Shnaider,12.0,0.18840579710144928,0.3188405797101449,0.5909090909090909,0.6832627118644068,0.6496124031007752,0.45819397993311034,0.5889830508474576,0.6185567010309279,0.7318840579710145,WTA,12 month,hard,12.0,0.3546099290780142,0.3404255319148936,0.6191512513601741,0.35852372583479786,0.5514285714285714,0.4319912948857454,0.5340909090909091,0.6666666666666666
115768,95639,Ella Seidel,13.0,0.26666666666666666,0.4222222222222222,0.631578947368421,0.5927947598253275,0.6390423572744015,0.4128686327077748,0.5469432314410481,0.5277777777777778,0.6222222222222222,WTA,12 month,hard,13.0,0.2426470588235294,0.33088235294117646,0.6439135381114903,0.3533568904593639,0.5654952076677316,0.42889647326507396,0.4479166666666667,0.6838235294117647
118639,98435,Maya Joint,7.0,0.16666666666666666,0.2833333333333333,0.5882352941176471,0.6320987654320988,0.58203125,0.436241610738255,0.528395061728395,0.5172413793103449,0.5333333333333333,WTA,12 month,hard,7.0,0.39344262295081966,0.5737704918032787,0.6357142857142857,0.3258426966292135,0.5359477124183006,0.4023809523809524,0.48148148148148145,0.7868852459016393
120057,99814,Astrid Lew Yan Foon,3.0,0.24,0.28,0.8571428571428571,0.6022099447513812,0.6513761467889908,0.3333333333333333,0.5248618784530387,0.5,0.64,WTA,12 month,hard,3.0,0.0,0.19230769230769232,0.6846153846153846,0.3820224719101124,0.6341463414634146,0.46153846153846156,0.7857142857142857,0.5769230769230769
121853,101571,Tatiana Prozorova,13.0,0.3,0.23333333333333334,1.2857142857142858,0.6963350785340314,0.6691729323308271,0.5129310344827587,0.6217277486910995,0.5714285714285714,0.75,WTA,12 month,hard,13.0,0.1984126984126984,0.3412698412698413,0.6474201474201474,0.40607210626185963,0.5853658536585367,0.46928746928746934,0.4672897196261682,0.6031746031746031
121854,236956,Yasmine Kabbaj,4.0,0.07317073170731707,0.24390243902439024,0.3,0.7246963562753036,0.6703910614525139,0.5147058823529411,0.6275303643724697,0.5238095238095238,0.7560975609756098,WTA,12 month,hard,4.0,0.17073170731707318,0.0975609756097561,0.6558704453441295,0.345679012345679,0.5882352941176471,0.42914979757085026,0.5172413793103449,0.6341463414634146
121855,101573,Lola Radivojevic,7.0,0.52,0.3466666666666667,1.5,0.546,0.6959706959706959,0.4669603524229075,0.592,0.5319148936170213,0.7066666666666667,WTA,12 month,hard,7.0,0.36363636363636365,0.4675324675324675,0.566793893129771,0.31986531986531985,0.5330396475770924,0.4122137404580153,0.296875,0.7532467532467533
121870,101588,Luisina Giovannini,1.0,0.5,0.4,1.25,0.7023809523809523,0.5423728813559322,0.44,0.5119047619047619,0.7142857142857143,0.6,WTA,12 month,hard,1.0,0.2,0.3,0.8,0.34615384615384615,0.5384615384615384,0.3846153846153846,0.5,0.8
123419,238521,B Hobson,1.0,0.0,0.2222222222222222,0.0,0.6274509803921569,0.5,0.2631578947368421,0.4117647058823529,0.0,0.3333333333333333,WTA,12 month,hard,1.0,0.2222222222222222,0.0,0.7777777777777778,0.3571428571428571,0.6666666666666667,0.42592592592592593,0.75,0.6666666666666666
124054,103716,Lucija Ciric Bagaric,3.0,0.37037037037037035,0.5925925925925926,0.625,0.4876543209876543,0.6708860759493671,0.42168674698795183,0.5432098765432098,0.5238095238095238,0.6296296296296297,WTA,12 month,hard,3.0,0.2916666666666667,0.5,0.6384976525821596,0.4191176470588235,0.49350649350649356,0.4460093896713615,0.36363636363636365,0.6666666666666666
124281,103939,Sara Bejlek,11.0,0.12745098039215685,0.28431372549019607,0.4482758620689655,0.6666666666666666,0.6350710900473934,0.5355450236966824,0.6018957345971564,0.6086956521739131,0.7352941176470589,WTA,12 month,hard,11.0,0.0673076923076923,0.3076923076923077,0.672386895475819,0.45707656612529,0.5904761904761905,0.500780031201248,0.48598130841121495,0.5
124287,103945,Elena Pridankina,4.0,0.3541666666666667,0.5625,0.6296296296296297,0.6795865633074936,0.6425855513307985,0.4112903225806452,0.5684754521963824,0.6666666666666666,0.6875,WTA,12 month,hard,4.0,0.32653061224489793,0.3469387755102041,0.6470588235294118,0.34545454545454546,0.5666666666666667,0.42352941176470593,0.42105263157894735,0.673469387755102
124295,103952,Elena Micic,3.0,0.3055555555555556,0.6666666666666666,0.4583333333333333,0.6268656716417911,0.6130952380952381,0.37,0.5223880597014925,0.4642857142857143,0.5833333333333334,WTA,12 month,hard,3.0,0.2631578947368421,0.39473684210526316,0.7511111111111111,0.37869822485207105,0.6428571428571428,0.4444444444444444,0.48,0.6842105263157895
124334,103988,Kayla Cross,4.0,0.2653061224489796,0.5102040816326531,0.52,0.6428571428571429,0.5507246376811594,0.4,0.4968944099378882,0.4888888888888889,0.5306122448979592,WTA,12 month,hard,4.0,0.14285714285714285,0.2857142857142857,0.6962025316455697,0.34545454545454546,0.5833333333333333,0.4177215189873418,0.45714285714285713,0.673469387755102
124373,104025,Victoria Mboko,15.0,0.3275862068965517,0.3505747126436782,0.9344262295081968,0.688412852969815,0.6591230551626591,0.5,0.6095423563777994,0.46153846153846156,0.7183908045977011,WTA,12 month,hard,15.0,0.25,0.29651162790697677,0.6533687943262412,0.3731343283582089,0.5831202046035806,0.44592198581560283,0.4857142857142857,0.6046511627906976
128317,107844,Hanne Vandewinkel,4.0,0.48936170212765956,0.46808510638297873,1.0454545454545454,0.6621160409556314,0.6855670103092784,0.35353535353535354,0.5733788395904437,0.5945945945945946,0.6808510638297872,WTA,12 month,hard,4.0,0.1956521739130435,0.1956521739130435,0.6860068259385665,0.36318407960199006,0.48913043478260865,0.40273037542662116,0.46875,0.6739130434782609
131375,110797,Miho Kuramochi,4.0,0.0,0.16216216216216217,0.0,0.7912621359223301,0.5766871165644172,0.4418604651162791,0.5485436893203883,0.5555555555555556,0.6756756756756757,WTA,12 month,hard,4.0,0.05555555555555555,0.2777777777777778,0.630901287553648,0.41496598639455784,0.5697674418604651,0.4721030042918455,0.5517241379310345,0.5555555555555556
131378,110800,Sahaja Yamalapalli,1.0,0.0,0.1,0.0,0.5230769230769231,0.5588235294117647,0.41935483870967744,0.49230769230769234,0.375,0.5,WTA,12 month,hard,1.0,0.0,0.1,0.6612903225806451,0.31707317073170727,0.4285714285714286,0.3548387096774194,0.4,0.8
131390,110811,Elena Ruxandra Bertea,1.0,0.0,0.3,0.0,0.5657894736842105,0.5813953488372093,0.5151515151515151,0.5526315789473685,0.625,0.7,WTA,12 month,hard,1.0,0.2222222222222222,0.4444444444444444,0.6111111111111112,0.36363636363636365,0.3928571428571429,0.375,0.14285714285714285,0.8888888888888888
137396,116619,Alina Korneeva,11.0,0.23893805309734514,0.6194690265486725,0.38571428571428573,0.6613372093023255,0.6153846153846154,0.41630901287553645,0.5479651162790697,0.4666666666666667,0.6460176991150443,WTA,12 month,hard,11.0,0.1509433962264151,0.29245283018867924,0.655359565807327,0.46376811594202894,0.578740157480315,0.5033921302578019,0.48672566371681414,0.4811320754716981
137428,252531,Gina Feistel,1.0,0.0,0.1111111111111111,0.0,0.7692307692307693,0.6,0.5833333333333334,0.5961538461538461,0.5,0.6666666666666666,WTA,12 month,hard,1.0,0.2222222222222222,0.4444444444444444,0.6862745098039216,0.17142857142857137,0.375,0.23529411764705888,0.0,1.0
141607,,Analu Freitas,2.0,0.07142857142857142,0.14285714285714285,0.5,0.717391304347826,0.4090909090909091,0.2692307692307692,0.3695652173913043,0.3684210526315789,0.14285714285714285,WTA,12 month,hard,2.0,0.07142857142857142,0.2857142857142857,0.717948717948718,0.3035714285714286,0.36363636363636365,0.3205128205128205,0.25,0.8571428571428571
143096,133524,Carolyn Ansari,3.0,0.07894736842105263,0.23684210526315788,0.3333333333333333,0.8634538152610441,0.5441860465116279,0.6176470588235294,0.5542168674698795,0.5428571428571428,0.5789473684210527,WTA,12 month,hard,3.0,0.3684210526315789,0.2894736842105263,0.7892156862745098,0.39751552795031053,0.2790697674418605,0.37254901960784315,0.6666666666666666,0.6842105263157895
144001,259104,Brenda Fruhvirtova,1.0,0.0,0.2857142857142857,0.0,0.7142857142857143,0.36666666666666664,0.16666666666666666,0.30952380952380953,0.2222222222222222,0.0,WTA,12 month,hard,1.0,0.14285714285714285,0.2857142857142857,0.6363636363636364,0.4285714285714286,0.4375,0.43181818181818177,0.5,0.7142857142857143
144464,259567,Stefani Webb,2.0,0.05555555555555555,0.5,0.1111111111111111,0.7168141592920354,0.5308641975308642,0.4375,0.504424778761062,0.5263157894736842,0.5,WTA,12 month,hard,2.0,0.5,0.4375,0.6160714285714286,0.24637681159420288,0.41860465116279066,0.3125,0.375,0.8125
144472,259575,Sarah Rokusek,1.0,0.0,0.6666666666666666,0.0,0.5609756097560976,0.34782608695652173,0.16666666666666666,0.2682926829268293,0.36363636363636365,-0.16666666666666666,WTA,12 month,hard,1.0,0.14285714285714285,0.5714285714285714,0.48484848484848486,0.1875,0.47058823529411764,0.33333333333333337,0.25,0.8571428571428571
144582,123523,Mingge Xu,2.0,0.1875,0.5,0.375,0.6636363636363637,0.6027397260273972,0.40540540540540543,0.5363636363636364,0.7083333333333334,0.5625,WTA,12 month,hard,2.0,0.4375,0.1875,0.6407766990291263,0.3484848484848485,0.4054054054054054,0.3689320388349514,0.2727272727272727,0.8125
144630,123571,Kaitlin Quevedo,13.0,0.34615384615384615,0.23846153846153847,1.4516129032258065,0.6447963800904978,0.6368421052631579,0.4681528662420382,0.5769230769230769,0.5688073394495413,0.6384615384615384,WTA,12 month,hard,13.0,0.17164179104477612,0.44776119402985076,0.6713947990543735,0.39612676056338025,0.5143884892086331,0.4349881796690307,0.42857142857142855,0.6194029850746269
144691,123630,Angelina Voloshchuk,3.0,0.024390243902439025,0.2926829268292683,0.08333333333333333,0.6421052631578947,0.5409836065573771,0.43137254901960786,0.5017543859649123,0.48484848484848486,0.5853658536585366,WTA,12 month,hard,3.0,0.15,0.35,0.6793103448275862,0.41116751269035534,0.5806451612903225,0.4655172413793104,0.5,0.6
144696,123635,Mirra Andreeva,15.0,0.2625,0.375,0.7,0.6657276995305165,0.6699576868829337,0.4550561797752809,0.5981220657276995,0.6018518518518519,0.73125,WTA,12 month,hard,15.0,0.15950920245398773,0.3128834355828221,0.6498572787821123,0.45095168374816985,0.5570652173913043,0.4881065651760228,0.503448275862069,0.5521472392638037
144754,123692,Akasha Urhobo,2.0,0.5909090909090909,0.4090909090909091,1.4444444444444444,0.6857142857142857,0.6666666666666666,0.4090909090909091,0.5857142857142857,0.2727272727272727,0.6363636363636364,WTA,12 month,hard,2.0,0.3181818181818182,0.36363636363636365,0.5857142857142857,0.31707317073170727,0.5344827586206897,0.40714285714285714,0.4,0.7272727272727273
144903,260006,Kristiana Sidorova,4.0,0.36363636363636365,0.2727272727272727,1.3333333333333333,0.6056338028169014,0.689922480620155,0.5119047619047619,0.6197183098591549,0.6818181818181818,0.7878787878787878,WTA,12 month,hard,4.0,0.15625,0.34375,0.6305418719211823,0.4296875,0.6,0.4926108374384236,0.6153846153846154,0.5
145039,260142,Carmen Andreea Herea,1.0,0.0,1.0,0.0,0.3548387096774194,0.7272727272727273,0.325,0.46774193548387094,0.5833333333333334,0.2857142857142857,WTA,12 month,hard,1.0,0.125,0.0,0.7027027027027027,0.23076923076923073,0.2727272727272727,0.2432432432432432,,1.0
145067,123997,Sara Saito,1.0,0.0,0.625,0.0,0.8421052631578947,0.5,1.3333333333333333,0.631578947368421,0.5555555555555556,0.5,WTA,12 month,hard,1.0,0.375,0.375,0.9117647058823529,0.22580645161290325,-2.3333333333333335,0.0,,1.0
145069,123999,Lilli Tagger,10.0,0.4375,0.14285714285714285,3.0625,0.7266081871345029,0.6579476861167002,0.5347593582887701,0.6242690058479532,0.55,0.7589285714285714,WTA,12 month,hard,10.0,0.1,0.2,0.7523939808481532,0.3745454545454545,0.47513812154696133,0.39945280437756503,0.4266666666666667,0.7090909090909091
145100,124029,Vendula Valdmannova,3.0,0.16666666666666666,0.26666666666666666,0.625,0.6604651162790698,0.5915492957746479,0.4931506849315068,0.5581395348837209,0.5333333333333333,0.5333333333333333,WTA,12 month,hard,3.0,0.3125,0.5,0.6111111111111112,0.4049586776859504,0.5844155844155844,0.4747474747474747,0.5,0.5625
145103,260206,Alicia Dudeney,1.0,0.18181818181818182,0.09090909090909091,2.0,0.6615384615384615,0.6976744186046512,0.5,0.6307692307692307,0.0,0.8181818181818182,WTA,12 month,hard,1.0,0.0,0.09090909090909091,0.8285714285714286,0.2586206896551724,0.6666666666666667,0.3285714285714286,0.25,0.9090909090909091
145197,124123,Iva Jovic,19.0,0.19786096256684493,0.1711229946524064,1.15625,0.7230514096185738,0.6376146788990825,0.5269461077844312,0.6069651741293532,0.5934959349593496,0.732620320855615,WTA,12 month,hard,19.0,0.21761658031088082,0.22797927461139897,0.7015663643858203,0.4148061104582844,0.6022099447513812,0.47073371805441055,0.5161290322580645,0.5854922279792746
145317,260420,DUPE Raluca Georgiana Serban,2.0,0.08333333333333333,0.2916666666666667,0.2857142857142857,0.6890243902439024,0.504424778761062,0.5882352941176471,0.5304878048780488,0.6086956521739131,0.625,WTA,12 month,hard,2.0,0.30434782608695654,0.17391304347826086,0.6453488372093024,0.4504504504504504,0.47540983606557374,0.4593023255813954,0.3181818181818182,0.6956521739130435
145478,124399,Alevtina Ibragimova,1.0,0.0,0.25,0.0,0.6333333333333333,0.39473684210526316,0.5,0.43333333333333335,0.5,0.25,WTA,12 month,hard,1.0,0.2222222222222222,0.1111111111111111,0.625,0.30000000000000004,0.4444444444444444,0.35416666666666663,1.0,0.7777777777777778
145509,260612,Mara Gae,1.0,0.1111111111111111,0.3333333333333333,0.3333333333333333,0.5510204081632653,0.5185185185185185,0.36363636363636365,0.4489795918367347,0.4444444444444444,0.4444444444444444,WTA,12 month,hard,1.0,0.125,0.125,0.6949152542372882,0.31707317073170727,0.4444444444444444,0.35593220338983056,0.25,0.75
145564,260667,Tahlia Kokkinis,2.0,0.2631578947368421,0.2631578947368421,1.0,0.5581395348837209,0.7083333333333334,0.42105263157894735,0.5813953488372093,0.45454545454545453,0.6842105263157895,WTA,12 month,hard,2.0,0.7368421052631579,0.3157894736842105,0.6341463414634146,0.2435897435897436,0.4,0.30081300813008127,0.0,1.0
145659,260762,Laquisa Khan,1.0,0.0,0.0,,0.7419354838709677,0.43478260869565216,0.75,0.5161290322580645,0.5555555555555556,0.5,WTA,12 month,hard,1.0,0.3333333333333333,0.5555555555555556,0.6538461538461539,0.11764705882352944,0.5555555555555556,0.2692307692307693,0.0,1.0
145785,260888,Sarah Mildren,1.0,0.3,0.4,0.75,0.9420289855072463,0.5076923076923077,0.0,0.4782608695652174,0.16666666666666666,0.5,WTA,12 month,hard,1.0,0.2,0.3,0.96,0.41666666666666663,1.0,0.43999999999999995,0.375,0.7
145935,124844,Vaishnavi Adkar,1.0,0.0,0.18181818181818182,0.0,0.5652173913043478,0.6666666666666666,0.43333333333333335,0.5652173913043478,0.7,0.7272727272727273,WTA,12 month,hard,1.0,0.6363636363636364,0.09090909090909091,0.639344262295082,0.20512820512820518,0.40909090909090906,0.2786885245901639,0.3333333333333333,0.9090909090909091
145946,261049,Alana Subasic,2.0,0.05263157894736842,0.47368421052631576,0.1111111111111111,0.5692307692307692,0.527027027027027,0.39285714285714285,0.46923076923076923,0.6,0.3684210526315789,WTA,12 month,hard,2.0,0.6,0.3,0.5245901639344263,0.234375,0.5344827586206897,0.3770491803278688,0.26666666666666666,0.8
146029,261132,Sonal Patil,1.0,0.14285714285714285,0.14285714285714285,1.0,0.6190476190476191,0.5384615384615384,0.125,0.38095238095238093,0.2857142857142857,0.2857142857142857,WTA,12 month,hard,1.0,0.14285714285714285,0.2857142857142857,0.631578947368421,0.16666666666666663,0.3571428571428571,0.23684210526315785,0.0,1.0
146030,261133,Aishi Das,1.0,0.0,0.6666666666666666,0.0,0.8787878787878788,0.39655172413793105,0.125,0.36363636363636365,0.5,0.2222222222222222,WTA,12 month,hard,1.0,0.1,0.2,0.9464285714285714,0.49056603773584906,1.0,0.5178571428571428,0.5714285714285714,0.6
148541,127320,Emerson Jones,5.0,0.16666666666666666,0.47619047619047616,0.35,0.6699346405228758,0.5463414634146342,0.32673267326732675,0.4738562091503268,0.4666666666666667,0.42857142857142855,WTA,12 month,hard,5.0,0.2727272727272727,0.25,0.6862745098039216,0.3542857142857143,0.575,0.42352941176470593,0.7058823529411765,0.7272727272727273
148754,127528,Yuliia Starodubtseva,14.0,0.15217391304347827,0.18115942028985507,0.84,0.7139664804469273,0.6338028169014085,0.453125,0.582122905027933,0.5353535353535354,0.6666666666666666,WTA,12 month,hard,14.0,0.20437956204379562,0.2773722627737226,0.6859504132231405,0.39156626506024095,0.6019736842105263,0.4576446280991735,0.39849624060150374,0.6131386861313869
148802,263905,Kanon Sawashiro,1.0,0.0,0.25,0.0,0.7592592592592593,0.43902439024390244,0.38461538461538464,0.42592592592592593,0.4444444444444444,0.375,WTA,12 month,hard,1.0,0.5714285714285714,0.14285714285714285,0.8333333333333334,0.36363636363636365,0.5454545454545454,0.3939393939393939,0.125,0.8571428571428571
148972,127736,Julieta Pareja,1.0,0.3,0.2,1.5,0.78,0.717948717948718,0.36363636363636365,0.64,0.5,0.8,WTA,12 month,hard,1.0,0.8888888888888888,0.2222222222222222,0.7777777777777778,0.16666666666666663,0.5,0.2407407407407407,0.0,1.0
149046,127808,Ayana Akli,2.0,0.23076923076923078,0.6153846153846154,0.375,0.7297297297297297,0.48148148148148145,0.3333333333333333,0.44144144144144143,0.5,0.38461538461538464,WTA,12 month,hard,2.0,0.21428571428571427,0.35714285714285715,0.654320987654321,0.4716981132075472,0.6071428571428572,0.5185185185185186,0.7142857142857143,0.6428571428571429
149048,264151,Anna Frey,3.0,0.34375,0.4375,0.7857142857142857,0.5485436893203883,0.6814159292035398,0.3763440860215054,0.5436893203883495,0.5172413793103449,0.5625,WTA,12 month,hard,3.0,0.46875,0.34375,0.6341463414634146,0.39230769230769236,0.6533333333333333,0.4878048780487805,0.3684210526315789,0.5625
149084,264187,Zuzanna Pawlikowska,3.0,0.10256410256410256,0.1282051282051282,0.8,0.7236363636363636,0.5728643216080402,0.4473684210526316,0.5381818181818182,0.5142857142857142,0.5641025641025641,WTA,12 month,hard,3.0,0.23076923076923078,0.3076923076923077,0.7083333333333334,0.4607843137254902,0.5595238095238095,0.48958333333333337,0.47368421052631576,0.5384615384615384
149864,264967,Julie Pastikova,1.0,0.375,0.25,1.5,0.65625,0.5238095238095238,0.45454545454545453,0.5,0.5,0.5,WTA,12 month,hard,1.0,0.125,0.125,0.68,0.20588235294117652,0.5,0.30000000000000004,0.0,1.0
150585,265688,Nadiia Kolb,2.0,0.1111111111111111,0.1111111111111111,1.0,0.8494623655913979,0.5316455696202531,0.35714285714285715,0.5053763440860215,0.3333333333333333,0.5555555555555556,WTA,12 month,hard,2.0,0.25,0.25,0.7706422018348624,0.45238095238095233,0.6799999999999999,0.5045871559633027,0.6,0.4375
151280,266383,Renee Alame,2.0,0.043478260869565216,0.2608695652173913,0.16666666666666666,0.75,0.494949494949495,0.3939393939393939,0.4696969696969697,0.3333333333333333,0.4782608695652174,WTA,12 month,hard,2.0,0.18181818181818182,0.3181818181818182,0.7183098591549296,0.3529411764705882,0.575,0.4154929577464789,0.4666666666666667,0.6818181818181818
151366,266469,Ksenia Efremova,1.0,0.0,0.375,0.0,0.5555555555555556,0.32,0.45,0.37777777777777777,0.25,0.25,WTA,12 month,hard,1.0,0.125,0.25,0.6166666666666667,0.32432432432432434,0.5217391304347826,0.4,0.25,0.75
151568,130197,Laura Samson,2.0,0.5625,0.8125,0.6923076923076923,0.656934306569343,0.5444444444444444,0.3617021276595745,0.48175182481751827,0.5833333333333334,0.375,WTA,12 month,hard,2.0,0.0,0.1875,0.7419354838709677,0.3188405797101449,0.5416666666666667,0.3763440860215054,0.5714285714285714,0.75
151619,130244,Maaya Rajeshwaran Revathi,1.0,0.1111111111111111,0.1111111111111111,1.0,0.3695652173913043,0.7647058823529411,0.3448275862068966,0.5,0.3333333333333333,0.5555555555555556,WTA,12 month,hard,1.0,0.25,0.125,0.45901639344262296,0.2142857142857143,0.4545454545454546,0.34426229508196726,0.16666666666666666,0.875
151917,130449,Teodora Kostovic,10.0,0.2857142857142857,0.29464285714285715,0.9696969696969697,0.6262886597938144,0.6481481481481481,0.44482758620689655,0.5721649484536082,0.5783132530120482,0.6875,WTA,12 month,hard,10.0,0.26785714285714285,0.36607142857142855,0.6618705035971223,0.42028985507246375,0.5390070921985816,0.460431654676259,0.4215686274509804,0.6160714285714286
152235,130891,Ellie Schoppe,1.0,0.18181818181818182,0.45454545454545453,0.4,0.5416666666666666,0.6730769230769231,0.4318181818181818,0.5625,0.8125,0.7272727272727273,WTA,12 month,hard,1.0,0.8181818181818182,0.36363636363636365,0.6973684210526315,0.28301886792452835,0.6086956521739131,0.381578947368421,0.2222222222222222,0.8181818181818182
154769,269872,Ava Beck,1.0,0.0,0.5,0.0,0.5882352941176471,0.43333333333333335,0.3333333333333333,0.39215686274509803,0.0,0.25,WTA,12 month,hard,1.0,0.1111111111111111,0.3333333333333333,0.5333333333333333,0.375,0.33333333333333337,0.3555555555555555,1.0,0.7777777777777778
154851,269954,Giselle Isabella Guillen,1.0,0.0,0.625,0.0,0.5970149253731343,0.5,0.4074074074074074,0.4626865671641791,0.5384615384615384,0.25,WTA,12 month,hard,1.0,0.3333333333333333,1.2222222222222223,0.6811594202898551,0.2978723404255319,0.6818181818181819,0.42028985507246375,0.2,0.7777777777777778
155176,67972,Aleksandra Krunic,2.0,0.05555555555555555,0.0,,0.6666666666666666,0.5806451612903226,0.4838709677419355,0.5483870967741935,0.2222222222222222,0.6111111111111112,WTA,12 month,hard,2.0,0.4117647058823529,0.4117647058823529,0.6504854368932039,0.14925373134328357,0.5,0.27184466019417475,0.2,0.9411764705882353
155177,78629,Dalma Galfi,12.0,0.47244094488188976,0.25196850393700787,1.875,0.69375,0.6720720720720721,0.4163265306122449,0.59375,0.5147058823529411,0.7401574803149606,WTA,12 month,hard,12.0,0.2222222222222222,0.30158730158730157,0.6695544554455446,0.33641404805914976,0.5842696629213483,0.41831683168316836,0.5342465753424658,0.6904761904761905
155179,76692,Katerina Siniakova,9.0,0.11956521739130435,0.32608695652173914,0.36666666666666664,0.6987060998151571,0.6613756613756614,0.4171779141104294,0.5878003696857671,0.5806451612903226,0.717391304347826,WTA,12 month,hard,9.0,0.1839080459770115,0.42528735632183906,0.631484794275492,0.4107648725212465,0.5922330097087378,0.4776386404293381,0.4675324675324675,0.5862068965517241
155180,67239,Laura Siegemund,5.0,0.1694915254237288,0.288135593220339,0.5882352941176471,0.7454545454545455,0.5644599303135889,0.41836734693877553,0.5272727272727272,0.46938775510204084,0.559322033898305,WTA,12 month,hard,5.0,0.13793103448275862,0.3275862068965517,0.6829268292682927,0.35357142857142854,0.5538461538461539,0.41707317073170735,0.3953488372093023,0.7068965517241379
155181,69059,Viktorija Golubic,12.0,0.045454545454545456,0.2727272727272727,0.16666666666666666,0.7539863325740319,0.5468277945619335,0.37962962962962965,0.5056947608200456,0.525,0.5681818181818182,WTA,12 month,hard,12.0,0.09375,0.3359375,0.6739130434782609,0.44999999999999996,0.5900000000000001,0.4956521739130435,0.45925925925925926,0.515625
155182,,Karolina Pliskova,7.0,0.373134328358209,0.44776119402985076,0.8333333333333334,0.6549586776859504,0.637223974763407,0.4491017964071856,0.5723140495867769,0.5961538461538461,0.6865671641791045,WTA,12 month,hard,7.0,0.38235294117647056,0.3235294117647059,0.6559633027522935,0.37412587412587417,0.52,0.42431192660550454,0.5238095238095238,0.6764705882352942
155183,133534,Vera Zvonareva,10.0,0.16981132075471697,0.2830188679245283,0.6,0.6406926406926406,0.6418918918918919,0.46184738955823296,0.5772005772005772,0.6071428571428571,0.6886792452830188,WTA,12 month,hard,10.0,0.24271844660194175,0.33980582524271846,0.6468926553672316,0.3646288209606987,0.5680000000000001,0.43644067796610164,0.45121951219512196,0.6407766990291263
155194,68074,Ana Bogdan,1.0,0.2222222222222222,0.0,,0.6428571428571429,0.6296296296296297,0.2,0.47619047619047616,0.2,0.5555555555555556,WTA,12 month,hard,1.0,0.125,0.25,0.6981132075471698,0.2702702702702703,0.4375,0.3207547169811321,0.5,0.875
155199,71123,Ankita Raina,3.0,0.0,0.1111111111111111,0.0,0.6815642458100558,0.4918032786885246,0.5964912280701754,0.5251396648044693,0.44,0.48148148148148145,WTA,12 month,hard,3.0,0.034482758620689655,0.13793103448275862,0.7150837988826816,0.484375,0.5686274509803921,0.5083798882681565,0.5909090909090909,0.5517241379310345
155206,68043,Belinda Bencic,4.0,0.10869565217391304,0.2826086956521739,0.38461538461538464,0.6573426573426573,0.6595744680851063,0.4387755102040816,0.583916083916084,0.4827586206896552,0.6739130434782609,WTA,12 month,hard,4.0,0.34782608695652173,0.3695652173913043,0.579136690647482,0.3291925465838509,0.6324786324786325,0.45683453237410077,0.5135135135135135,0.5869565217391305
155215,68964,Dalila Jakupovic,5.0,0.2558139534883721,0.3023255813953488,0.8461538461538461,0.6594982078853047,0.5978260869565217,0.5157894736842106,0.5698924731182796,0.5405405405405406,0.6046511627906976,WTA,12 month,hard,5.0,0.11904761904761904,0.3333333333333333,0.6588235294117647,0.375,0.5172413793103448,0.42352941176470593,0.5789473684210527,0.47619047619047616
155225,75717,Elise Mertens,9.0,0.4125,0.375,1.1,0.6627906976744186,0.6988304093567251,0.41954022988505746,0.6046511627906976,0.4473684210526316,0.7375,WTA,12 month,hard,9.0,0.20253164556962025,0.5569620253164557,0.6194852941176471,0.400593471810089,0.6618357487922706,0.5,0.5277777777777778,0.5189873417721519
155231,76335,Gabriela Lee,3.0,0.20833333333333334,0.16666666666666666,1.25,0.7065217391304348,0.6076923076923076,0.46296296296296297,0.5652173913043478,0.6896551724137931,0.625,WTA,12 month,hard,3.0,0.23076923076923078,0.07692307692307693,0.6642857142857143,0.29032258064516125,0.46808510638297873,0.35,0.4444444444444444,0.8461538461538461
155235,67129,Heather Watson,3.0,0.10714285714285714,0.8214285714285714,0.13043478260869565,0.5833333333333334,0.7063492063492064,0.4,0.5787037037037037,0.5909090909090909,0.6785714285714286,WTA,12 month,hard,3.0,0.21212121212121213,0.24242424242424243,0.6473684210526316,0.3739837398373984,0.5223880597014925,0.4263157894736842,0.5263157894736842,0.696969696969697
155239,68224,Isabella Shinikova,1.0,0.23076923076923078,0.38461538461538464,0.6,0.6888888888888889,0.6451612903225806,0.4642857142857143,0.5888888888888889,0.6,0.6923076923076923,WTA,12 month,hard,1.0,0.2857142857142857,0.2857142857142857,0.6705882352941176,0.29824561403508776,0.4642857142857143,0.3529411764705882,0.5,0.8571428571428571
155241,76215,Jamie Loeb,1.0,0.75,0.375,2.0,0.6666666666666666,0.6333333333333333,0.26666666666666666,0.5111111111111111,0.3333333333333333,0.5,WTA,12 month,hard,1.0,0.5,0.0,0.7894736842105263,0.19999999999999996,0.0,0.1578947368421053,,1.0
155244,76142,Jasmine Paolini,7.0,0.04838709677419355,0.12903225806451613,0.375,0.6741293532338308,0.5904059040590406,0.48091603053435117,0.554726368159204,0.6153846153846154,0.6774193548387096,WTA,12 month,hard,7.0,0.1746031746031746,0.25396825396825395,0.6155844155844156,0.4345991561181435,0.5067567567567568,0.4623376623376624,0.49056603773584906,0.5873015873015873
155258,76837,Kyoka Okamura,1.0,0.125,0.0,,0.7666666666666667,0.4782608695652174,0.42857142857142855,0.4666666666666667,0.14285714285714285,0.25,WTA,12 month,hard,1.0,0.625,0.0,0.6666666666666666,0.2272727272727273,0.2727272727272727,0.24242424242424243,1.0,0.75
155261,71436,Leolia Jeanjean,7.0,0.23529411764705882,0.16176470588235295,1.4545454545454546,0.6924882629107981,0.6169491525423729,0.48854961832061067,0.5774647887323944,0.6346153846153846,0.7205882352941176,WTA,12 month,hard,7.0,0.26865671641791045,0.2537313432835821,0.7,0.37362637362637363,0.4358974358974359,0.39230769230769236,0.4594594594594595,0.746268656716418
155275,68884,Martina Trevisan,3.0,0.0,0.7241379310344828,0.0,0.6845637583892618,0.5392156862745098,0.3191489361702128,0.4697986577181208,0.6097560975609756,0.4482758620689655,WTA,12 month,hard,3.0,0.18518518518518517,0.2222222222222222,0.7215909090909091,0.4645669291338582,0.5510204081632653,0.48863636363636365,0.5217391304347826,0.5555555555555556
155277,75841,Miriana Tona,2.0,0.15789473684210525,0.21052631578947367,0.75,0.6484375,0.4819277108433735,0.37777777777777777,0.4453125,0.42857142857142855,0.5789473684210527,WTA,12 month,hard,2.0,0.05555555555555555,0.3333333333333333,0.7185185185185186,0.3402061855670103,0.26315789473684215,0.31851851851851853,0.35,0.6111111111111112
155278,67164,Mona Barthel,6.0,0.34285714285714286,0.5714285714285714,0.6,0.5950782997762863,0.6691729323308271,0.5248618784530387,0.610738255033557,0.7560975609756098,0.8571428571428571,WTA,12 month,hard,6.0,0.125,0.2222222222222222,0.6528735632183909,0.41901408450704225,0.48344370860927155,0.4413793103448276,0.4423076923076923,0.6805555555555556
155280,76759,Naomi Osaka,2.0,0.5185185185185185,0.07407407407407407,7.0,0.6588235294117647,0.7232142857142857,0.46551724137931033,0.6352941176470588,0.5,0.7407407407407407,WTA,12 month,hard,2.0,0.03571428571428571,0.17857142857142858,0.6590909090909091,0.4224137931034483,0.4833333333333333,0.44318181818181823,0.5,0.6428571428571429
155295,69029,Sachia Vickery,2.0,0.05263157894736842,0.2631578947368421,0.2,0.5905511811023622,0.5066666666666667,0.38461538461538464,0.4566929133858268,0.3888888888888889,0.42105263157894735,WTA,12 month,hard,2.0,0.1,0.25,0.6513761467889908,0.2676056338028169,0.5263157894736843,0.35779816513761464,0.38461538461538464,0.75
155297,60850,Sara Sorribes Tormo,4.0,0.09090909090909091,0.2,0.45454545454545453,0.6970443349753694,0.5229681978798587,0.43902439024390244,0.4975369458128079,0.5333333333333333,0.4909090909090909,WTA,12 month,hard,4.0,0.08928571428571429,0.17857142857142858,0.65625,0.43253968253968256,0.6136363636363636,0.49479166666666663,0.5185185185185185,0.5
155308,71145,Tereza Martincova,2.0,0.041666666666666664,0.25,0.16666666666666666,0.8630952380952381,0.5862068965517241,0.4782608695652174,0.5714285714285714,0.6190476190476191,0.6666666666666666,WTA,12 month,hard,2.0,0.24,0.04,0.7971014492753623,0.32727272727272727,0.6071428571428572,0.3840579710144928,0.8571428571428571,0.76
155311,76057,Valeriya Strakhova,2.0,0.05263157894736842,0.10526315789473684,0.5,0.6666666666666666,0.6555555555555556,0.8,0.7037037037037037,0.6,0.6842105263157895,WTA,12 month,hard,2.0,0.631578947368421,0.21052631578947367,0.680672268907563,0.37037037037037035,0.5,0.4117647058823529,0.75,0.8421052631578947
155315,76865,Victoria Rodriguez,1.0,0.1,0.2,0.5,0.8070175438596491,0.43478260869565216,0.18181818181818182,0.38596491228070173,0.2222222222222222,0.3,WTA,12 month,hard,1.0,0.2222222222222222,0.4444444444444444,0.5166666666666667,0.4516129032258065,0.5172413793103448,0.4833333333333333,0.5555555555555556,0.4444444444444444
155320,67153,Zarina Diyas,1.0,0.1111111111111111,0.3333333333333333,0.3333333333333333,0.6833333333333333,0.6097560975609756,0.3157894736842105,0.5166666666666667,0.5555555555555556,0.5555555555555556,WTA,12 month,hard,1.0,0.5555555555555556,0.6666666666666666,0.5970149253731343,0.22499999999999998,0.5925925925925926,0.3731343283582089,0.2,0.8888888888888888
155330,,Ulrikke Eikeri,1.0,0.3333333333333333,0.8888888888888888,0.375,0.4626865671641791,0.5806451612903226,0.2777777777777778,0.417910447761194,0.5,0.2222222222222222,WTA,12 month,hard,1.0,0.0,0.2222222222222222,0.66,0.48484848484848486,0.4117647058823529,0.45999999999999996,1.0,0.5555555555555556
155412,86984,Antonia Ružić,13.0,0.18,0.35333333333333333,0.5094339622641509,0.6318267419962336,0.6005961251862891,0.47058823529411764,0.5527306967984934,0.6126760563380281,0.6333333333333333,WTA,12 month,hard,13.0,0.3870967741935484,0.2645161290322581,0.6349036402569593,0.3490725126475548,0.5571847507331378,0.42505353319057815,0.4774774774774775,0.6580645161290323
155430,81058,Catherine McNally,10.0,0.0970873786407767,0.2912621359223301,0.3333333333333333,0.7475862068965518,0.5977859778597786,0.41530054644808745,0.5517241379310345,0.6595744680851063,0.6893203883495146,WTA,12 month,hard,10.0,0.19801980198019803,0.32673267326732675,0.6860119047619048,0.40347071583514105,0.5876777251184835,0.46130952380952384,0.5068493150684932,0.6336633663366337
155446,68037,Donna Vekić,9.0,0.25510204081632654,0.35714285714285715,0.7142857142857143,0.6472545757071547,0.6529562982005142,0.4386792452830189,0.5773710482529119,0.5666666666666667,0.7346938775510204,WTA,12 month,hard,9.0,0.1702127659574468,0.30851063829787234,0.6766091051805337,0.36658932714617165,0.5533980582524272,0.42700156985871274,0.44,0.648936170212766
155463,,Emilie Chen,1.0,0.14285714285714285,0.0,,0.6666666666666666,0.36666666666666664,0.3333333333333333,0.35555555555555557,0.5,0.14285714285714285,WTA,12 month,hard,1.0,0.14285714285714285,0.42857142857142855,0.7948717948717948,0.16129032258064513,0.875,0.3076923076923077,0.3333333333333333,0.8571428571428571
155472,78856,Gabriela Knutson,7.0,0.26865671641791045,0.373134328358209,0.72,0.5995475113122172,0.5962264150943396,0.4180790960451977,0.5248868778280543,0.5833333333333334,0.6268656716417911,WTA,12 month,hard,7.0,0.18181818181818182,0.25757575757575757,0.6592920353982301,0.4093959731543624,0.49350649350649356,0.43805309734513276,0.5348837209302325,0.6515151515151515
155483,,Hiroko Kuwata,2.0,0.06666666666666667,0.2,0.3333333333333333,0.717948717948718,0.44642857142857145,0.2727272727272727,0.3974358974358974,0.23076923076923078,0.3333333333333333,WTA,12 month,hard,2.0,0.15384615384615385,0.3076923076923077,0.7065217391304348,0.3076923076923077,0.33333333333333337,0.3152173913043478,0.3333333333333333,0.9230769230769231
155494,,Jizelle Sibai,1.0,0.1111111111111111,0.3333333333333333,0.3333333333333333,0.7368421052631579,0.5238095238095238,0.3333333333333333,0.47368421052631576,0.375,0.4444444444444444,WTA,12 month,hard,1.0,0.3333333333333333,0.4444444444444444,0.6153846153846154,0.32499999999999996,0.56,0.41538461538461535,0.2857142857142857,0.7777777777777778
155512,,Kristina Mladenovic,5.0,0.16666666666666666,0.5166666666666667,0.3225806451612903,0.7025171624713958,0.6058631921824105,0.4230769230769231,0.551487414187643,0.5769230769230769,0.6333333333333333,WTA,12 month,hard,5.0,0.23333333333333334,0.43333333333333335,0.6480582524271845,0.34456928838951306,0.5310344827586206,0.4101941747572816,0.41025641025641024,0.7333333333333333
155538,68199,Magda Linette,16.0,0.32275132275132273,0.19047619047619047,1.6944444444444444,0.6778846153846154,0.6288416075650118,0.48009950248756217,0.5809294871794872,0.5217391304347826,0.708994708994709,WTA,12 month,hard,16.0,0.164021164021164,0.26455026455026454,0.7068021892103206,0.36946902654867253,0.5466666666666666,0.42142298670836587,0.44274809160305345,0.6931216931216931
155543,79584,Maria Carle,5.0,0.14583333333333334,0.5625,0.25925925925925924,0.6912181303116147,0.5491803278688525,0.3944954128440367,0.5014164305949008,0.5370370370370371,0.4791666666666667,WTA,12 month,hard,5.0,0.1836734693877551,0.30612244897959184,0.7227414330218068,0.4181034482758621,0.6404494382022472,0.47975077881619943,0.5641025641025641,0.5510204081632653
155570,102660,Petra Marčinko,9.0,0.19318181818181818,0.4090909090909091,0.4722222222222222,0.7125,0.5939849624060151,0.35403726708074534,0.525,0.3387096774193548,0.5340909090909091,WTA,12 month,hard,9.0,0.2222222222222222,0.36666666666666664,0.6776729559748428,0.35266821345707655,0.5951219512195122,0.4308176100628931,0.3466666666666667,0.7111111111111111
155609,,Tereza Mrdeza,1.0,0.0,0.375,0.0,0.7954545454545454,0.4857142857142857,0.3333333333333333,0.45454545454545453,0.3333333333333333,0.5,WTA,12 month,hard,1.0,0.7142857142857143,0.14285714285714285,0.575,0.13043478260869568,0.2941176470588235,0.19999999999999996,,1.0
155611,130067,Tiantsoa Rakotomanga Rajaonah,4.0,0.024390243902439025,0.3170731707317073,0.07692307692307693,0.7527675276752768,0.5637254901960784,0.373134328358209,0.5166051660516605,0.5128205128205128,0.5365853658536586,WTA,12 month,hard,4.0,0.14634146341463414,0.17073170731707318,0.8205128205128205,0.2857142857142857,0.5306122448979591,0.3296703296703297,0.2727272727272727,0.8536585365853658
155613,,Tori Russell,1.0,0.1111111111111111,0.2222222222222222,0.5,0.5675675675675675,0.47619047619047616,0.125,0.32432432432432434,0.2222222222222222,0.2222222222222222,WTA,12 month,hard,1.0,0.125,0.25,0.6666666666666666,0.33333333333333337,0.6666666666666667,0.4444444444444444,0.5714285714285714,0.5
155617,,Venus Williams,4.0,0.3958333333333333,0.3541666666666667,1.1176470588235294,0.6835820895522388,0.5851528384279476,0.4056603773584906,0.5283582089552239,0.5348837209302325,0.5833333333333334,WTA,12 month,hard,4.0,0.2765957446808511,0.1702127659574468,0.7260726072607261,0.34545454545454546,0.5060240963855422,0.3894389438943895,0.47619047619047616,0.7872340425531915
156889,67156,Arina Rodionova,3.0,0.027777777777777776,0.1388888888888889,0.2,0.76,0.5789473684210527,0.4,0.536,0.5517241379310345,0.6388888888888888,WTA,12 month,hard,3.0,0.4,0.2,0.7021276595744681,0.32727272727272727,0.6142857142857143,0.41276595744680855,0.4583333333333333,0.6857142857142857
156890,67088,Anastasija Sevastova,2.0,0.13636363636363635,0.18181818181818182,0.75,0.7417218543046358,0.5089285714285714,0.46153846153846156,0.4966887417218543,0.4583333333333333,0.4090909090909091,WTA,12 month,hard,2.0,0.17391304347826086,0.30434782608695654,0.6714285714285714,0.2872340425531915,0.5869565217391304,0.3857142857142857,0.5555555555555556,0.782608695652174
156891,67091,Ajla Tomljanovic,9.0,0.12790697674418605,0.5116279069767442,0.25,0.7847682119205298,0.6223628691983122,0.3923076923076923,0.5728476821192053,0.6285714285714286,0.6976744186046512,WTA,12 month,hard,9.0,0.3218390804597701,0.3563218390804598,0.7435456110154905,0.4097222222222222,0.5704697986577181,0.4509466437177281,0.46153846153846156,0.6551724137931034
156892,76869,Lizette Cabrera,3.0,0.3103448275862069,0.4827586206896552,0.6428571428571429,0.5812807881773399,0.5338983050847458,0.4235294117647059,0.4876847290640394,0.46153846153846156,0.5172413793103449,WTA,12 month,hard,3.0,0.4482758620689655,0.3793103448275862,0.6302083333333334,0.42148760330578516,0.5492957746478873,0.46875,0.5652173913043478,0.5517241379310345
156893,71309,Maria Sakkari,8.0,0.1951219512195122,0.08536585365853659,2.2857142857142856,0.7260536398467433,0.5936675461741425,0.5244755244755245,0.5747126436781609,0.6111111111111112,0.6585365853658537,WTA,12 month,hard,8.0,0.2073170731707317,0.25609756097560976,0.6296296296296297,0.4152249134948097,0.5647058823529412,0.47058823529411764,0.5789473684210527,0.5975609756097561
156894,67252,Yulia Putintseva,14.0,0.09523809523809523,0.14285714285714285,0.6666666666666666,0.739085239085239,0.630098452883263,0.41832669322709165,0.5748440748440748,0.5677966101694916,0.6530612244897959,WTA,12 month,hard,14.0,0.20666666666666667,0.37333333333333335,0.6222943722943723,0.3913043478260869,0.5902578796561604,0.46645021645021645,0.5462962962962963,0.6066666666666667
156895,69043,Katarzyna Kawa,3.0,0.06060606060606061,0.6363636363636364,0.09523809523809523,0.5150214592274678,0.5416666666666666,0.39823008849557523,0.4721030042918455,0.5833333333333334,0.3939393939393939,WTA,12 month,hard,3.0,0.1388888888888889,0.1388888888888889,0.7079207920792079,0.39160839160839156,0.5254237288135593,0.43069306930693074,0.6190476190476191,0.6388888888888888
156897,68992,Nuria Parrizas Diaz,7.0,0.056338028169014086,0.19718309859154928,0.2857142857142857,0.7674418604651163,0.5848484848484848,0.5,0.5651162790697675,0.5806451612903226,0.6338028169014085,WTA,12 month,hard,7.0,0.20588235294117646,0.16176470588235295,0.7720588235294118,0.36190476190476195,0.4623655913978495,0.3848039215686274,0.5116279069767442,0.6764705882352942
156898,78603,Jessica Pieri,1.0,0.0,0.2,0.0,0.7555555555555555,0.5392156862745098,0.42424242424242425,0.5111111111111111,0.6818181818181818,0.5333333333333333,WTA,12 month,hard,1.0,0.0,0.13333333333333333,0.5963302752293578,0.4769230769230769,0.5227272727272727,0.4954128440366973,0.47058823529411764,0.4666666666666667
156899,69091,Chloe Paquet,6.0,0.2711864406779661,0.6610169491525424,0.41025641025641024,0.5742857142857143,0.582089552238806,0.33557046979865773,0.47714285714285715,0.3958333333333333,0.5084745762711864,WTA,12 month,hard,6.0,0.07142857142857142,0.4107142857142857,0.6293333333333333,0.39406779661016944,0.48920863309352514,0.42933333333333334,0.425,0.6964285714285714
156900,67057,Sorana Cirstea,16.0,0.5094339622641509,0.16352201257861634,3.1153846153846154,0.61,0.680327868852459,0.5102564102564102,0.614,0.6,0.7610062893081762,WTA,12 month,hard,16.0,0.1111111111111111,0.3271604938271605,0.6514285714285715,0.41959064327485385,0.5983606557377049,0.48190476190476195,0.46715328467153283,0.6049382716049383
156901,81108,Xinyu Wang,16.0,0.38953488372093026,0.26744186046511625,1.4565217391304348,0.6567441860465116,0.6713881019830028,0.4363143631436314,0.5906976744186047,0.6120689655172413,0.7383720930232558,WTA,12 month,hard,16.0,0.20833333333333334,0.25,0.6748898678414097,0.3877284595300261,0.5745257452574526,0.44845814977973564,0.391025641025641,0.6369047619047619
156902,76272,Harriet Dart,2.0,0.12,0.56,0.21428571428571427,0.6379310344827587,0.5675675675675675,0.4126984126984127,0.5114942528735632,0.56,0.56,WTA,12 month,hard,2.0,0.36,0.28,0.6815286624203821,0.3457943925233645,0.64,0.4394904458598726,0.5625,0.64
156903,69030,Taylor Townsend,11.0,0.4772727272727273,0.19696969696969696,2.423076923076923,0.7111368909512761,0.6769983686786297,0.5140562248995983,0.6299303944315545,0.7058823529411765,0.8106060606060606,WTA,12 month,hard,11.0,0.3153846153846154,0.36923076923076925,0.6396303901437371,0.3563402889245586,0.5384615384615384,0.42197125256673507,0.3786407766990291,0.7
156904,76524,Jelena Ostapenko,12.0,0.2537313432835821,0.3656716417910448,0.6938775510204082,0.5842044134727061,0.6560636182902585,0.4106145251396648,0.554006968641115,0.5196078431372549,0.6343283582089553,WTA,12 month,hard,12.0,0.3560606060606061,0.2803030303030303,0.631079478054567,0.35526315789473684,0.572347266881029,0.435349940688019,0.49514563106796117,0.6136363636363636
156906,76626,Louisa Chirico,6.0,0.31343283582089554,0.5373134328358209,0.5833333333333334,0.5873015873015873,0.6171171171171171,0.5448717948717948,0.5873015873015873,0.515625,0.5373134328358209,WTA,12 month,hard,6.0,0.29411764705882354,0.22058823529411764,0.6417910447761194,0.38372093023255816,0.4027777777777778,0.3905472636815921,0.43137254901960786,0.6764705882352942
156907,76676,Rebecca Sramkova,13.0,0.41830065359477125,0.26143790849673204,1.6,0.7238883143743536,0.59,0.4157303370786517,0.5418821096173733,0.5564516129032258,0.6405228758169934,WTA,12 month,hard,13.0,0.3356164383561644,0.3835616438356164,0.6683119447186574,0.4224519940915805,0.5654761904761905,0.4698914116485686,0.45,0.5684931506849316
156908,68140,Despina Papamichail,2.0,0.05263157894736842,0.05263157894736842,1.0,0.6491228070175439,0.6081081081081081,0.35,0.5175438596491229,0.5555555555555556,0.5789473684210527,WTA,12 month,hard,2.0,0.058823529411764705,0.11764705882352941,0.6307692307692307,0.3780487804878049,0.5416666666666667,0.43846153846153846,0.5384615384615384,0.5882352941176471
156909,55022,Storm Hunter,10.0,0.28865979381443296,0.3711340206185567,0.7777777777777778,0.684044233807267,0.6327944572748267,0.445,0.5734597156398105,0.5945945945945946,0.6907216494845361,WTA,12 month,hard,10.0,0.32978723404255317,0.26595744680851063,0.6413223140495867,0.365979381443299,0.5622119815668203,0.4363636363636364,0.5303030303030303,0.6276595744680851
156910,76309,Jessika Ponchet,3.0,0.3793103448275862,0.20689655172413793,1.8333333333333333,0.6477987421383647,0.6699029126213593,0.42857142857142855,0.5849056603773585,0.42857142857142855,0.5862068965517241,WTA,12 month,hard,3.0,0.10714285714285714,0.21428571428571427,0.7172774869109948,0.34306569343065696,0.37037037037037035,0.3507853403141361,0.2777777777777778,0.8214285714285714
156911,102769,Tereza Valentová,9.0,0.35714285714285715,0.32653061224489793,1.09375,0.6367713004484304,0.6619718309859155,0.34156378600823045,0.5455904334828101,0.5194805194805194,0.6224489795918368,WTA,12 month,hard,9.0,0.23958333333333334,0.40625,0.6271428571428571,0.38041002277904323,0.5632183908045977,0.4485714285714286,0.3626373626373626,0.65625
156912,70946,Aliaksandra Sasnovich,18.0,0.2608695652173913,0.29347826086956524,0.8888888888888888,0.7,0.6029246344206974,0.4671916010498688,0.5622047244094488,0.5396825396825397,0.6847826086956522,WTA,12 month,hard,18.0,0.2596685082872928,0.32044198895027626,0.6978066612510154,0.4144353899883586,0.564516129032258,0.4597887896019497,0.46296296296296297,0.585635359116022
156913,71314,Yue Yuan,16.0,0.2631578947368421,0.08187134502923976,3.2142857142857144,0.6403425309229306,0.6359583952451708,0.4603174603174603,0.5727878211227403,0.45454545454545453,0.6491228070175439,WTA,12 month,hard,16.0,0.22674418604651161,0.31976744186046513,0.6740947075208914,0.38980716253443526,0.6011396011396011,0.45868152274837515,0.4407894736842105,0.6104651162790697
156915,71439,Ekaterina Alexandrova,10.0,0.37272727272727274,0.33636363636363636,1.1081081081081081,0.6706989247311828,0.627254509018036,0.42448979591836733,0.5604838709677419,0.5238095238095238,0.6363636363636364,WTA,12 month,hard,10.0,0.3,0.2636363636363636,0.7006369426751592,0.39636363636363636,0.5361702127659574,0.43821656050955415,0.47297297297297297,0.6818181818181818
156917,88014,Tara Würth,1.0,0.3,0.5,0.6,0.75,0.5686274509803921,0.4117647058823529,0.5294117647058824,0.625,0.7,WTA,12 month,hard,1.0,0.6666666666666666,0.2222222222222222,0.7450980392156863,0.23684210526315785,0.46153846153846156,0.2941176470588235,1.0,0.8888888888888888
156918,76871,Priscilla Hon,12.0,0.26865671641791045,0.2835820895522388,0.9473684210526315,0.6639629200463499,0.5846422338568935,0.4482758620689655,0.5388180764774044,0.4864864864864865,0.5746268656716418,WTA,12 month,hard,12.0,0.17692307692307693,0.2692307692307692,0.7695961995249406,0.3827160493827161,0.5,0.4097387173396675,0.5063291139240507,0.6923076923076923
156920,86744,Carol Young-suh Lee,7.0,0.3972602739726027,0.2465753424657534,1.6111111111111112,0.6519916142557652,0.617363344051447,0.4879518072289157,0.5723270440251572,0.6451612903225806,0.6986301369863014,WTA,12 month,hard,7.0,0.36486486486486486,0.47297297297297297,0.7088353413654619,0.3626062322946175,0.6,0.4317269076305221,0.38333333333333336,0.6891891891891891
156922,71262,Beatriz Haddad Maia,6.0,0.13636363636363635,0.5303030303030303,0.2571428571428571,0.6306306306306306,0.5785714285714286,0.36585365853658536,0.5,0.45901639344262296,0.5,WTA,12 month,hard,6.0,0.25757575757575757,0.3787878787878788,0.6355140186915887,0.3382352941176471,0.5192307692307692,0.4042056074766355,0.5151515151515151,0.7424242424242424
156924,78566,Tatjana Maria,11.0,0.3252032520325203,0.18699186991869918,1.7391304347826086,0.6409638554216868,0.631578947368421,0.42953020134228187,0.5590361445783133,0.5543478260869565,0.6666666666666666,WTA,12 month,hard,11.0,0.27049180327868855,0.2459016393442623,0.7005012531328321,0.3363148479427549,0.506276150627615,0.3872180451127819,0.3835616438356164,0.7704918032786885
156925,,Yexin MA,4.0,0.25,0.3333333333333333,0.75,0.5826086956521739,0.6194029850746269,0.5104166666666666,0.5739130434782609,0.5,0.6944444444444444,WTA,12 month,hard,4.0,0.34285714285714286,0.14285714285714285,0.6475095785440613,0.3550295857988166,0.5652173913043479,0.4291187739463601,0.4,0.6571428571428571
156926,78649,Maddison Inglis,7.0,0.16129032258064516,0.1935483870967742,0.8333333333333334,0.6758957654723127,0.6168674698795181,0.4723618090452261,0.5700325732899023,0.4838709677419355,0.6559139784946236,WTA,12 month,hard,7.0,0.32967032967032966,0.3626373626373626,0.6491228070175439,0.32678132678132676,0.6,0.4226475279106858,0.5263157894736842,0.6703296703296703
156927,76330,Tamara Korpatsch,10.0,0.14432989690721648,0.4329896907216495,0.3333333333333333,0.6691842900302115,0.6117381489841986,0.45662100456621,0.5604229607250756,0.5764705882352941,0.6288659793814433,WTA,12 month,hard,10.0,0.12,0.18,0.7049924357034796,0.4227467811158798,0.5128205128205128,0.4493192133131618,0.45569620253164556,0.64
156928,78559,Iryna Shymanovich,9.0,0.11428571428571428,0.38095238095238093,0.3,0.6940836940836941,0.5509355509355509,0.41037735849056606,0.5079365079365079,0.4948453608247423,0.5333333333333333,WTA,12 month,hard,9.0,0.08737864077669903,0.2912621359223301,0.7239512855209743,0.4299065420560748,0.5441176470588236,0.46143437077131255,0.44565217391304346,0.6019417475728155
156929,67021,Varvara Lepchenko,9.0,0.20212765957446807,0.14893617021276595,1.3571428571428572,0.7495621716287215,0.5700934579439252,0.44755244755244755,0.5394045534150613,0.5212765957446809,0.5212765957446809,WTA,12 month,hard,9.0,0.07446808510638298,0.3617021276595745,0.7283142389525368,0.41348314606741576,0.4819277108433735,0.43207855973813425,0.379746835443038,0.6808510638297872
156930,78533,Sofia Kenin,7.0,0.15789473684210525,0.4605263157894737,0.34285714285714286,0.6680244399185336,0.6067073170731707,0.44171779141104295,0.5519348268839104,0.43478260869565216,0.6578947368421053,WTA,12 month,hard,7.0,1.1216216216216217,0.2972972972972973,0.6302895322939867,0.2332155477031802,0.5060240963855422,0.3340757238307349,0.38235294117647056,0.8243243243243243
156931,76543,Harmony Tan,4.0,0.07692307692307693,0.15384615384615385,0.5,0.6336996336996337,0.5144508670520231,0.46,0.4945054945054945,0.475,0.46153846153846156,WTA,12 month,hard,4.0,0.07692307692307693,0.28205128205128205,0.7021276595744681,0.4545454545454546,0.5476190476190477,0.4822695035460993,0.4090909090909091,0.5384615384615384
156932,67076,Shuai Zhang,14.0,0.21739130434782608,0.20496894409937888,1.0606060606060606,0.7470817120622568,0.58984375,0.5038461538461538,0.5680933852140078,0.55,0.6645962732919255,WTA,12 month,hard,14.0,0.39751552795031053,0.33540372670807456,0.6921587608906099,0.4125874125874126,0.5660377358490566,0.45982575024201355,0.41721854304635764,0.6086956521739131
156934,68198,Camilla Rosatello,4.0,0.28888888888888886,0.26666666666666666,1.0833333333333333,0.5598455598455598,0.6344827586206897,0.5087719298245614,0.5791505791505791,0.5151515151515151,0.6444444444444445,WTA,12 month,hard,4.0,0.16666666666666666,0.2857142857142857,0.6466165413533834,0.2906976744186046,0.35106382978723405,0.3120300751879699,0.46153846153846156,0.8571428571428571
156935,68031,Ekaterine Gorgodze,8.0,0.13402061855670103,0.18556701030927836,0.7222222222222222,0.7827338129496403,0.5496323529411765,0.5033112582781457,0.539568345323741,0.5222222222222223,0.5567010309278351,WTA,12 month,hard,8.0,0.31,0.4,0.6649214659685864,0.38845144356955386,0.515625,0.43106457242582896,0.48148148148148145,0.61
156937,68136,Viktoriya Tomova,10.0,0.1717171717171717,0.36363636363636365,0.4722222222222222,0.7351664254703328,0.5708661417322834,0.39344262295081966,0.5238784370477568,0.5520833333333334,0.5656565656565656,WTA,12 month,hard,10.0,0.22448979591836735,0.336734693877551,0.7066246056782335,0.3683035714285714,0.5591397849462365,0.4242902208201893,0.484375,0.6836734693877551
156938,71028,Laura Pigossi,4.0,0.08333333333333333,0.2916666666666667,0.2857142857142857,0.8053691275167785,0.5416666666666666,0.5862068965517241,0.5503355704697986,0.5106382978723404,0.5208333333333334,WTA,12 month,hard,4.0,0.3469387755102041,0.1836734693877551,0.7446043165467626,0.3719806763285024,0.23943661971830987,0.3381294964028777,0.40625,0.7346938775510204
156939,68220,Lin Zhu,6.0,0.11864406779661017,0.1016949152542373,1.1666666666666667,0.7223650385604113,0.6120996441281139,0.5740740740740741,0.6015424164524421,0.6595744680851063,0.7288135593220338,WTA,12 month,hard,6.0,0.3,0.35,0.6530054644808743,0.38493723849372385,0.5905511811023623,0.45628415300546443,0.44680851063829785,0.65
156940,80808,Gabriella da Silva Fick,1.0,0.3,0.1,3.0,0.6129032258064516,0.5789473684210527,0.25,0.45161290322580644,0.36363636363636365,0.3,WTA,12 month,hard,1.0,0.0,0.2727272727272727,0.6190476190476191,0.41025641025641024,0.5416666666666667,0.46031746031746035,0.6666666666666666,0.6363636363636364
156942,,Yeonwoo Ku,3.0,0.034482758620689655,0.2413793103448276,0.14285714285714285,0.7627118644067796,0.5925925925925926,0.5238095238095238,0.576271186440678,0.3333333333333333,0.6551724137931034,WTA,12 month,hard,3.0,0.3103448275862069,0.034482758620689655,0.6702702702702703,0.3951612903225806,0.47540983606557374,0.42162162162162165,0.42857142857142855,0.6896551724137931
156943,75298,Kathinka von Deichmann,2.0,0.4,0.48,0.8333333333333334,0.6341463414634146,0.6538461538461539,0.45,0.5792682926829268,0.6956521739130435,0.72,WTA,12 month,hard,2.0,0.125,0.16666666666666666,0.7469135802469136,0.4049586776859504,0.4878048780487805,0.42592592592592593,0.6153846153846154,0.6666666666666666
156946,68032,Elina Svitolina,18.0,0.358695652173913,0.27717391304347827,1.2941176470588236,0.6245901639344262,0.6679790026246719,0.48253275109170307,0.5983606557377049,0.5789473684210527,0.7391304347826086,WTA,12 month,hard,18.0,0.14130434782608695,0.3532608695652174,0.6519524617996605,0.40364583333333337,0.5682926829268293,0.46095076400679114,0.5703703703703704,0.5815217391304348
156947,68006,Jessica Pegula,15.0,0.3395061728395062,0.1419753086419753,2.391304347826087,0.6724511930585684,0.682258064516129,0.5033112582781457,0.6236442516268981,0.6075949367088608,0.808641975308642,WTA,12 month,hard,15.0,0.3959731543624161,0.3691275167785235,0.6814244465832531,0.38983050847457623,0.607250755287009,0.4590952839268527,0.43703703703703706,0.6040268456375839
156948,76693,Nao Hibino,7.0,0.14473684210526316,0.2236842105263158,0.6470588235294118,0.781496062992126,0.5617128463476071,0.4774774774774775,0.5433070866141733,0.5666666666666667,0.6578947368421053,WTA,12 month,hard,7.0,0.28,0.21333333333333335,0.7582644628099173,0.3950953678474114,0.4871794871794872,0.4173553719008265,0.5238095238095238,0.7066666666666667
156950,76675,Magdalena Frech,16.0,0.24468085106382978,0.22872340425531915,1.069767441860465,0.65625,0.6507936507936508,0.46153846153846156,0.5857371794871795,0.5985915492957746,0.6968085106382979,WTA,12 month,hard,16.0,0.25133689839572193,0.31016042780748665,0.6425765907305577,0.36552567237163813,0.5362637362637362,0.42655145326001576,0.46153846153846156,0.6470588235294118
156951,77292,Justina Mikulskyte,2.0,0.14285714285714285,0.5238095238095238,0.2727272727272727,0.6363636363636364,0.6285714285714286,0.4,0.5454545454545454,0.6190476190476191,0.6190476190476191,WTA,12 month,hard,2.0,0.045454545454545456,0.5,0.6580645161290323,0.3921568627450981,0.5660377358490566,0.4516129032258065,0.3157894736842105,0.7272727272727273
156953,76834,Anhelina Kalinina,8.0,0.16666666666666666,0.20512820512820512,0.8125,0.7053941908713693,0.638235294117647,0.44366197183098594,0.5809128630705395,0.5833333333333334,0.6794871794871795,WTA,12 month,hard,8.0,0.5866666666666667,0.41333333333333333,0.6420664206642066,0.3706896551724138,0.5618556701030928,0.4391143911439115,0.3387096774193548,0.72
156954,67026,Madison Brengle,7.0,0.0,0.15942028985507245,0.0,0.8520084566596194,0.5086848635235732,0.44285714285714284,0.4989429175475687,0.48484848484848486,0.5072463768115942,WTA,12 month,hard,7.0,0.391304347826087,0.34782608695652173,0.6903669724770642,0.3853820598006644,0.6,0.4518348623853211,0.5370370370370371,0.5797101449275363
156955,76892,Aliona Bolsova,6.0,0.1206896551724138,0.3275862068965517,0.3684210526315789,0.7609756097560976,0.5416666666666666,0.4489795918367347,0.5195121951219512,0.43478260869565216,0.5517241379310345,WTA,12 month,hard,6.0,0.25862068965517243,0.25862068965517243,0.6958762886597938,0.33333333333333337,0.576271186440678,0.4072164948453608,0.43243243243243246,0.7241379310344828
156956,76805,Julia Grabher,8.0,0.25316455696202533,0.4430379746835443,0.5714285714285714,0.5892514395393474,0.6123778501628665,0.3925233644859813,0.5220729366602687,0.5,0.569620253164557,WTA,12 month,hard,8.0,0.17721518987341772,0.24050632911392406,0.6808943089430894,0.32835820895522383,0.5286624203821656,0.3922764227642277,0.4230769230769231,0.7215189873417721
156957,155200,Anna-Lena Friedsam,5.0,0.15384615384615385,0.4807692307692308,0.32,0.6633663366336634,0.5746268656716418,0.34558823529411764,0.4975247524752475,0.5666666666666667,0.5,WTA,12 month,hard,5.0,0.25925925925925924,0.4444444444444444,0.6878612716763006,0.33613445378151263,0.6111111111111112,0.4219653179190751,0.47368421052631576,0.6666666666666666
156958,67162,Madison Keys,9.0,0.41237113402061853,0.5154639175257731,0.8,0.6513761467889908,0.6619718309859155,0.42105263157894735,0.5779816513761468,0.5483870967741935,0.711340206185567,WTA,12 month,hard,9.0,0.1875,0.2708333333333333,0.6805555555555556,0.40362811791383224,0.5410628019323671,0.44753086419753085,0.5294117647058824,0.625
156959,76101,Katie Boulter,12.0,0.19166666666666668,0.4,0.4791666666666667,0.5895953757225434,0.6740196078431373,0.4894366197183099,0.5982658959537572,0.575,0.7166666666666667,WTA,12 month,hard,12.0,0.23275862068965517,0.33620689655172414,0.6750998668442078,0.4339250493096647,0.5450819672131147,0.4700399467376831,0.5,0.5258620689655172
156960,75880,Mayar Sherif,4.0,0.08928571428571429,0.19642857142857142,0.45454545454545453,0.7593582887700535,0.6161971830985915,0.3888888888888889,0.5614973262032086,0.6415094339622641,0.6607142857142857,WTA,12 month,hard,4.0,0.1320754716981132,0.37735849056603776,0.6713091922005571,0.29875518672199175,0.5932203389830508,0.3955431754874652,0.4838709677419355,0.7169811320754716
156961,71272,Barbora Krejcikova,3.0,0.5263157894736842,0.4473684210526316,1.1764705882352942,0.6431372549019608,0.7134146341463414,0.43956043956043955,0.615686274509804,0.6521739130434783,0.7894736842105263,WTA,12 month,hard,3.0,0.5135135135135135,0.5405405405405406,0.6201550387596899,0.30000000000000004,0.5816326530612245,0.40697674418604646,0.39285714285714285,0.7027027027027027
156962,80292,En-Shuo Liang,11.0,0.23893805309734514,0.21238938053097345,1.125,0.6283891547049442,0.6192893401015228,0.4248927038626609,0.5470494417862839,0.525,0.6637168141592921,WTA,12 month,hard,11.0,0.1724137931034483,0.20689655172413793,0.6766917293233082,0.4688888888888889,0.6,0.5112781954887218,0.4778761061946903,0.5344827586206896
156963,76530,Fiona Ferro,11.0,0.1346153846153846,0.17307692307692307,0.7777777777777778,0.6903225806451613,0.5794392523364486,0.4625,0.5432258064516129,0.6382978723404256,0.6730769230769231,WTA,12 month,hard,11.0,0.16666666666666666,0.3055555555555556,0.7404255319148936,0.4444444444444444,0.6065573770491803,0.4865248226950355,0.5853658536585366,0.5555555555555556
156964,75617,Andrea Lazaro Garcia,6.0,0.19672131147540983,0.2459016393442623,0.8,0.6623711340206185,0.556420233463035,0.4351145038167939,0.5154639175257731,0.5510204081632653,0.639344262295082,WTA,12 month,hard,6.0,0.2413793103448276,0.1206896551724138,0.6642857142857143,0.4408602150537635,0.5886524822695036,0.4904761904761905,0.46551724137931033,0.5344827586206896
156965,78614,Marie Bouzkova,12.0,0.152,0.344,0.4418604651162791,0.7012345679012346,0.5862676056338029,0.45041322314049587,0.5456790123456791,0.5504587155963303,0.608,WTA,12 month,hard,12.0,0.20161290322580644,0.3467741935483871,0.7379807692307693,0.39413680781758953,0.5458715596330275,0.4338942307692307,0.44565217391304346,0.6693548387096774
156966,80548,Guiomar Maristany Zuleta de Reales,4.0,0.10638297872340426,0.3191489361702128,0.3333333333333333,0.7120253164556962,0.6355555555555555,0.43956043956043955,0.5791139240506329,0.5,0.6595744680851063,WTA,12 month,hard,4.0,0.30612244897959184,0.22448979591836735,0.6190476190476191,0.33333333333333337,0.5833333333333333,0.4285714285714286,0.4411764705882353,0.6938775510204082
156967,85480,McCartney Kessler,8.0,0.25,0.3157894736842105,0.7916666666666666,0.6569037656903766,0.554140127388535,0.5487804878048781,0.5523012552301255,0.5925925925925926,0.7105263157894737,WTA,12 month,hard,8.0,0.1891891891891892,0.4189189189189189,0.6408730158730159,0.4055727554179567,0.5524861878453038,0.45833333333333337,0.41935483870967744,0.6486486486486487
156969,67042,Anastasia Pavlyuchenkova,5.0,0.30612244897959184,0.6530612244897959,0.46875,0.5422740524781341,0.6989247311827957,0.3821656050955414,0.5539358600583091,0.6,0.673469387755102,WTA,12 month,hard,5.0,0.52,0.32,0.6348684210526315,0.23316062176165808,0.5135135135135135,0.3355263157894737,0.21739130434782608,0.9
156970,71312,Astra Sharma,2.0,0.30434782608695654,0.5217391304347826,0.5833333333333334,0.5602836879432624,0.6708860759493671,0.43548387096774194,0.5673758865248227,0.5333333333333333,0.6956521739130435,WTA,12 month,hard,2.0,0.045454545454545456,0.5,0.6778523489932886,0.28712871287128716,0.5208333333333333,0.36241610738255037,0.5,0.8181818181818182
156971,76642,Paula Badosa,9.0,0.4946236559139785,0.7849462365591398,0.6301369863013698,0.6088957055214724,0.6700251889168766,0.3764705882352941,0.5552147239263804,0.5714285714285714,0.6451612903225806,WTA,12 month,hard,9.0,0.1368421052631579,0.2631578947368421,0.6551181102362205,0.3629807692307693,0.5251141552511416,0.41889763779527556,0.3684210526315789,0.7052631578947368
156973,76704,Jaqueline Cristian,13.0,0.21487603305785125,0.4132231404958678,0.52,0.6658291457286433,0.6,0.41353383458646614,0.5376884422110553,0.5545454545454546,0.5950413223140496,WTA,12 month,hard,13.0,0.19008264462809918,0.45454545454545453,0.7108433734939759,0.42203389830508475,0.5708333333333333,0.46506024096385545,0.48148148148148145,0.5702479338842975
156974,76808,Elena-Gabriela Ruse,13.0,0.2847682119205298,0.39072847682119205,0.7288135593220338,0.6222493887530562,0.6915520628683693,0.44983818770226536,0.6002444987775061,0.48148148148148145,0.7218543046357616,WTA,12 month,hard,13.0,0.16778523489932887,0.3221476510067114,0.6907894736842105,0.3587301587301587,0.5212765957446808,0.4089912280701754,0.4108527131782946,0.6442953020134228
156975,76089,Bernarda Pera,1.0,0.18181818181818182,0.5454545454545454,0.3333333333333333,0.7176470588235294,0.5901639344262295,0.3333333333333333,0.5176470588235295,0.7058823529411765,0.5454545454545454,WTA,12 month,hard,1.0,0.08333333333333333,0.08333333333333333,0.7397260273972602,0.31481481481481477,0.631578947368421,0.3972602739726028,0.3333333333333333,0.75
156976,76220,Lina Gjorcheska,2.0,0.7083333333333334,0.5416666666666666,1.3076923076923077,0.6333333333333333,0.6947368421052632,0.41818181818181815,0.5933333333333334,0.5625,0.7083333333333334,WTA,12 month,hard,2.0,0.16666666666666666,0.20833333333333334,0.6176470588235294,0.34523809523809523,0.5576923076923077,0.42647058823529416,0.47368421052631576,0.625
156977,67094,Arantxa Rus,1.0,0.1111111111111111,0.6666666666666666,0.16666666666666666,0.6323529411764706,0.5581395348837209,0.44,0.5147058823529411,0.5555555555555556,0.5555555555555556,WTA,12 month,hard,1.0,0.3333333333333333,0.0,0.6964285714285714,0.28205128205128205,0.4117647058823529,0.3214285714285714,0.125,0.8888888888888888
156978,58855,Ana Sofia Sanchez,2.0,0.05555555555555555,0.2222222222222222,0.25,0.7560975609756098,0.41935483870967744,0.43333333333333335,0.42276422764227645,0.52,0.3333333333333333,WTA,12 month,hard,2.0,0.11764705882352941,0.5294117647058824,0.72,0.38888888888888884,0.6,0.44799999999999995,0.35294117647058826,0.6470588235294118
156986,133532,Peangtarn Plipuech,5.0,0.058823529411764705,0.058823529411764705,1.0,0.7771260997067448,0.539622641509434,0.5,0.530791788856305,0.5454545454545454,0.6078431372549019,WTA,12 month,hard,5.0,0.2,0.26,0.7028753993610224,0.42272727272727273,0.4946236559139785,0.4440894568690096,0.5263157894736842,0.6
156987,,Mia Horvit,1.0,0.0,0.75,0.0,0.6363636363636364,0.39285714285714285,0.1875,0.3181818181818182,0.3,0.125,WTA,12 month,hard,1.0,0.0,0.2857142857142857,0.8421052631578947,0.39583333333333337,0.6666666666666667,0.4385964912280702,0.3,0.5714285714285714
156988,,Stefi Marithe Aludo,1.0,0.0,0.14285714285714285,0.0,0.75,0.38461538461538464,0.23076923076923078,0.34615384615384615,0.36363636363636365,0.0,WTA,12 month,hard,1.0,0.125,0.0,0.5897435897435898,0.21739130434782605,0.625,0.3846153846153846,0.6666666666666666,0.75
156989,,Elizabeth Abarquez,1.0,0.0,0.5,0.0,0.6285714285714286,0.3181818181818182,0.23076923076923078,0.2857142857142857,0.25,0.0,WTA,12 month,hard,1.0,0.0,0.3333333333333333,0.5428571428571428,0.1578947368421053,0.375,0.2571428571428571,0.0,1.0
156990,,Tennielle Madis,1.0,0.0,0.25,0.0,0.5925925925925926,0.4375,0.36363636363636365,0.4074074074074074,0.3333333333333333,0.25,WTA,12 month,hard,1.0,0.5,0.75,0.6612903225806451,0.29268292682926833,0.6190476190476191,0.4032258064516129,0.2857142857142857,0.75
156991,,Kaye Ann Emana,1.0,0.0,0.42857142857142855,0.0,0.5428571428571428,0.21052631578947367,0.3125,0.2571428571428571,0.25,0.14285714285714285,WTA,12 month,hard,1.0,0.16666666666666666,0.5,0.5555555555555556,0.15000000000000002,0.4375,0.2777777777777778,0.25,0.8333333333333334
156998,,Ellen Perez,1.0,0.125,0.125,1.0,0.8809523809523809,0.5405405405405406,0.2,0.5,0.42857142857142855,0.5,WTA,12 month,hard,1.0,0.2857142857142857,0.5714285714285714,0.7735849056603774,0.29268292682926833,0.41666666666666663,0.3207547169811321,0.0,1.0
156999,,Caroline Werner,2.0,0.2962962962962963,0.18518518518518517,1.6,0.75,0.5609756097560976,0.6585365853658537,0.5853658536585366,0.6153846153846154,0.6296296296296297,WTA,12 month,hard,2.0,0.14814814814814814,0.2962962962962963,0.8142076502732241,0.3691275167785235,0.5882352941176471,0.4098360655737705,0.35,0.7407407407407407
157000,,Naoko Eto,1.0,0.0,0.5,0.0,0.6428571428571429,0.1111111111111111,0.2,0.14285714285714285,0.14285714285714285,0.0,WTA,12 month,hard,1.0,0.0,0.16666666666666666,0.75,0.09523809523809523,0.2857142857142857,0.1428571428571429,,1.0
157001,,Parthsarthi Aru Mundhe,1.0,0.06666666666666667,0.4,0.16666666666666666,0.6831683168316832,0.5362318840579711,0.5,0.5247524752475248,0.4,0.6,WTA,12 month,hard,1.0,0.0,0.07142857142857142,0.8295454545454546,0.34246575342465757,0.4,0.3522727272727273,0.75,0.7857142857142857
157002,,Irene Burillo,1.0,0.0,0.4,0.0,0.7,0.46938775510204084,0.47619047619047616,0.4714285714285714,0.4,0.4,WTA,12 month,hard,1.0,0.2,0.7,0.5409836065573771,0.303030303030303,0.5357142857142857,0.4098360655737705,0.375,0.7
157003,,Yara Bartashevich,1.0,0.4166666666666667,0.4166666666666667,1.0,0.6043956043956044,0.5818181818181818,0.4166666666666667,0.5164835164835165,0.5384615384615384,0.5,WTA,12 month,hard,1.0,0.0,0.0,0.810126582278481,0.421875,0.33333333333333337,0.40506329113924056,0.375,0.7692307692307693
157004,,Anastasiia Sobolieva,2.0,0.16666666666666666,0.2222222222222222,0.75,0.7019230769230769,0.3561643835616438,0.3870967741935484,0.36538461538461536,0.3684210526315789,0.3333333333333333,WTA,12 month,hard,2.0,0.29411764705882354,0.29411764705882354,0.7159090909090909,0.47619047619047616,0.56,0.5,1.0,0.7058823529411765
157005,,Emily Webley-Smith,1.0,0.5,0.3,1.6666666666666667,0.6619718309859155,0.5957446808510638,0.4583333333333333,0.5492957746478874,0.7272727272727273,0.7,WTA,12 month,hard,1.0,0.3333333333333333,0.0,0.8032786885245902,0.30612244897959184,0.5833333333333333,0.360655737704918,0.5,0.8888888888888888
157006,,Katarzyna Piter,3.0,0.19230769230769232,0.11538461538461539,1.6666666666666667,0.7192118226600985,0.4794520547945205,0.40350877192982454,0.458128078817734,0.5652173913043478,0.6153846153846154,WTA,12 month,hard,3.0,0.3333333333333333,0.37037037037037035,0.6464088397790055,0.4273504273504274,0.40625,0.419889502762431,0.3125,0.8148148148148148
157007,133531,Oceane Dodin,3.0,0.3225806451612903,0.41935483870967744,0.7692307692307693,0.5679012345679012,0.6956521739130435,0.42857142857142855,0.5802469135802469,0.4117647058823529,0.6774193548387096,WTA,12 month,hard,3.0,0.8333333333333334,0.36666666666666664,0.616504854368932,0.3307086614173228,0.5443037974683544,0.412621359223301,0.2962962962962963,0.7333333333333333
157008,71381,Naiktha Bains,6.0,0.2962962962962963,0.12962962962962962,2.2857142857142856,0.6881720430107527,0.6510416666666666,0.5402298850574713,0.6164874551971327,0.44,0.7407407407407407,WTA,12 month,hard,6.0,0.07272727272727272,0.23636363636363636,0.7294520547945206,0.46478873239436624,0.5189873417721519,0.4794520547945206,0.48717948717948717,0.6545454545454545
157011,,Gabriela Agra Amorim,2.0,0.0,0.3333333333333333,0.0,0.5652173913043478,0.38461538461538464,0.325,0.358695652173913,0.4,0.2,WTA,12 month,hard,2.0,0.5333333333333333,0.13333333333333333,0.7283950617283951,0.288135593220339,0.31818181818181823,0.2962962962962963,0.6,0.8
157020,,Eden Silva,2.0,0.18181818181818182,0.5909090909090909,0.3076923076923077,0.6303030303030303,0.5,0.4098360655737705,0.4666666666666667,0.5555555555555556,0.6363636363636364,WTA,12 month,hard,2.0,0.43478260869565216,0.43478260869565216,0.4928571428571429,0.42028985507246375,0.5211267605633803,0.4714285714285714,0.46153846153846156,0.7391304347826086
157021,,Freya Christie,1.0,0.1111111111111111,0.4444444444444444,0.25,0.6481481481481481,0.6,0.3684210526315789,0.5185185185185185,0.4444444444444444,0.4444444444444444,WTA,12 month,hard,1.0,0.4,0.1,0.6981132075471698,0.29729729729729726,0.4375,0.339622641509434,0.25,0.9
157022,,Makoto Ninomiya,1.0,0.0,0.0,,0.7346938775510204,0.4722222222222222,0.38461538461538464,0.4489795918367347,0.16666666666666666,0.4444444444444444,WTA,12 month,hard,1.0,0.25,0.125,0.6,0.19999999999999996,0.55,0.33999999999999997,0.5,0.75
157023,,Kika Lima,1.0,0.0,0.25,0.0,0.5555555555555556,0.25,0.3125,0.2777777777777778,0.3333333333333333,0.25,WTA,12 month,hard,1.0,0.14285714285714285,0.2857142857142857,0.6590909090909091,0.31034482758620685,0.4666666666666667,0.36363636363636365,0.6666666666666666,0.7142857142857143
157024,,Martina Capurro Taborda,2.0,0.047619047619047616,0.6666666666666666,0.07142857142857142,0.7125,0.5701754385964912,0.2826086956521739,0.4875,0.5,0.5238095238095238,WTA,12 month,hard,2.0,0.13636363636363635,0.18181818181818182,0.8053691275167785,0.3833333333333333,0.6206896551724138,0.4295302013422819,0.38461538461538464,0.7727272727272727
157027,,Sofia Cabezas Dominguez,2.0,0.08695652173913043,0.21739130434782608,0.4,0.8023255813953488,0.5869565217391305,0.4411764705882353,0.5581395348837209,0.5333333333333333,0.6956521739130435,WTA,12 month,hard,2.0,0.43478260869565216,0.5217391304347826,0.7253521126760564,0.3495145631067961,0.5128205128205128,0.3943661971830986,0.5,0.7391304347826086
157028,,Savannah Matuszewski,1.0,0.0,0.16666666666666666,0.0,0.6976744186046512,0.3333333333333333,0.38461538461538464,0.3488372093023256,0.14285714285714285,0.0,WTA,12 month,hard,1.0,0.14285714285714285,0.14285714285714285,0.8055555555555556,0.2068965517241379,0.5714285714285714,0.2777777777777778,0.0,1.0
157029,,Madalena Matias,1.0,0.0,0.0,,0.75,0.23333333333333334,0.1,0.2,0.4,0.0,WTA,12 month,hard,1.0,0.0,0.0,0.75,0.5714285714285714,0.0,0.4285714285714286,,1.0
157030,,Tiphanie Lemaitre,3.0,0.09090909090909091,0.18181818181818182,0.5,0.6519607843137255,0.45864661654135336,0.5070422535211268,0.47549019607843135,0.4666666666666667,0.5151515151515151,WTA,12 month,hard,3.0,0.21875,0.40625,0.6269430051813472,0.44628099173553715,0.48611111111111116,0.46113989637305697,0.36,0.71875
157031,,Ana Filipa Santos,1.0,0.0,0.16666666666666666,0.0,0.7741935483870968,0.3333333333333333,0.14285714285714285,0.2903225806451613,0.3333333333333333,0.0,WTA,12 month,hard,1.0,0.0,0.2857142857142857,0.7931034482758621,0.4782608695652174,0.33333333333333337,0.4482758620689655,,1.0
157051,,Jennifer Brady,1.0,0.13333333333333333,0.26666666666666666,0.5,0.7111111111111111,0.625,0.46153846153846156,0.5777777777777777,0.5454545454545454,0.6666666666666666,WTA,12 month,hard,1.0,0.14285714285714285,0.21428571428571427,0.6891891891891891,0.33333333333333337,0.3913043478260869,0.3513513513513513,0.8,0.7142857142857143
157077,133525,Ekaterina Yashina,1.0,0.1111111111111111,0.4444444444444444,0.25,0.55,0.6363636363636364,0.37037037037037035,0.5166666666666667,0.42857142857142855,0.5555555555555556,WTA,12 month,hard,1.0,0.4444444444444444,0.1111111111111111,0.6545454545454545,0.2222222222222222,0.5263157894736843,0.32727272727272727,0.2,0.8888888888888888
157079,,Elizabeth Jones,1.0,0.0,0.23076923076923078,0.0,0.6235294117647059,0.660377358490566,0.375,0.5529411764705883,0.6666666666666666,0.6153846153846154,WTA,12 month,hard,1.0,0.23076923076923078,0.7692307692307693,0.6730769230769231,0.3285714285714286,0.6470588235294117,0.4326923076923077,0.3076923076923077,0.6923076923076923
157080,,Irene Burillo,1.0,0.0,0.16666666666666666,0.0,0.825,0.24242424242424243,0.2857142857142857,0.25,0.4,0.0,WTA,12 month,hard,1.0,0.0,0.16666666666666666,0.8095238095238095,0.5,0.25,0.45238095238095233,0.6666666666666666,0.6666666666666666
157084,,Nadia Valdez,1.0,0.0,0.16666666666666666,0.0,0.7142857142857143,0.2,0.3,0.22857142857142856,0.3333333333333333,0.0,WTA,12 month,hard,1.0,0.6666666666666666,0.3333333333333333,0.5128205128205128,0.15000000000000002,0.4736842105263158,0.3076923076923077,0.0,1.0
79919,,Yaroslav Sokyrka,1.0,0.2,0.2,1.0,0.7160493827160493,0.6551724137931034,0.391304347826087,0.5802469135802469,0.625,0.7,WTA,12 month,hard,1.0,0.4,0.2,0.5660377358490566,0.33333333333333337,0.6956521739130435,0.49056603773584906,0.8333333333333334,0.5
80761,,G Miles,1.0,0.0,0.2857142857142857,0.0,0.6415094339622641,0.6323529411764706,0.5,0.5849056603773585,0.8095238095238095,0.7142857142857143,WTA,12 month,hard,1.0,0.07142857142857142,0.5714285714285714,0.6629213483146067,0.3728813559322034,0.6666666666666667,0.4719101123595506,0.6666666666666666,0.5714285714285714
86493,201585,Sloane Stephens,5.0,0.14035087719298245,0.19298245614035087,0.7272727272727273,0.71875,0.6231884057971014,0.4537037037037037,0.5755208333333334,0.5135135135135135,0.6842105263157895,WTA,12 month,hard,5.0,0.10344827586206896,0.25862068965517243,0.6580976863753213,0.40625,0.5563909774436091,0.4575835475578406,0.4583333333333333,0.6206896551724138
96627,211719,Shilin Xu,3.0,0.09375,0.1875,0.5,0.7325581395348837,0.49206349206349204,0.5507246376811594,0.5077519379844961,0.6666666666666666,0.59375,WTA,12 month,hard,3.0,0.2,0.2,0.676056338028169,0.38888888888888884,0.536231884057971,0.43661971830985913,0.35714285714285715,0.7142857142857143
98618,78693,Cristina Bucsa,11.0,0.07563025210084033,0.2689075630252101,0.28125,0.7257142857142858,0.5964566929133859,0.421875,0.5485714285714286,0.4418604651162791,0.5966386554621849,WTA,12 month,hard,11.0,0.26495726495726496,0.3247863247863248,0.6518817204301075,0.42680412371134024,0.528957528957529,0.4623655913978495,0.4945054945054945,0.6153846153846154
98697,78772,Katarina Jokic,3.0,0.15384615384615385,0.7692307692307693,0.2,0.7486910994764397,0.4965034965034965,0.3333333333333333,0.45549738219895286,0.4838709677419355,0.38461538461538464,WTA,12 month,hard,3.0,0.07692307692307693,0.38461538461538464,0.7471264367816092,0.4307692307692308,0.5681818181818181,0.4655172413793104,0.4074074074074074,0.5769230769230769
98745,78820,Ylena In Albon,1.0,0.0,0.0625,0.0,0.6695652173913044,0.5194805194805194,0.3684210526315789,0.46956521739130436,0.5263157894736842,0.4375,WTA,12 month,hard,1.0,0.11764705882352941,0.11764705882352941,0.6513761467889908,0.43661971830985913,0.7105263157894737,0.5321100917431192,0.5,0.47058823529411764
98757,78832,Nicole Fossa Huergo,4.0,0.13157894736842105,0.4473684210526316,0.29411764705882354,0.64,0.5340909090909091,0.494949494949495,0.52,0.5135135135135135,0.5263157894736842,WTA,12 month,hard,4.0,0.05128205128205128,0.23076923076923078,0.7639484978540773,0.3707865168539326,0.5636363636363637,0.41630901287553645,0.5357142857142857,0.6153846153846154
98795,78870,Renata Zarazua,13.0,0.03125,0.109375,0.2857142857142857,0.7739130434782608,0.5762439807383628,0.489010989010989,0.5565217391304348,0.53125,0.6484375,WTA,12 month,hard,13.0,0.20634920634920634,0.2222222222222222,0.6782713085234093,0.37522123893805315,0.5223880597014925,0.4225690276110444,0.46153846153846156,0.6666666666666666
98797,78872,Greet Minnen,7.0,0.22857142857142856,0.22857142857142856,1.0,0.6795454545454546,0.6555183946488294,0.5035460992907801,0.6068181818181818,0.3,0.6,WTA,12 month,hard,7.0,0.2972972972972973,0.32432432432432434,0.6402714932126696,0.3286219081272085,0.559748427672956,0.4117647058823529,0.6190476190476191,0.6486486486486487
98857,78932,Hanna Chang,1.0,0.4,0.4666666666666667,0.8571428571428571,0.5436893203883495,0.6607142857142857,0.44680851063829785,0.5631067961165048,0.5384615384615384,0.6,WTA,12 month,hard,1.0,0.2857142857142857,0.21428571428571427,0.6888888888888889,0.4193548387096774,0.4642857142857143,0.43333333333333335,0.5454545454545454,0.5714285714285714
98948,79023,Kimberly Birrell,17.0,0.15760869565217392,0.5489130434782609,0.2871287128712871,0.7134831460674157,0.6029246344206974,0.38935574229691877,0.5417335473515249,0.5172413793103449,0.6956521739130435,WTA,12 month,hard,17.0,0.32786885245901637,0.3114754098360656,0.7287716405605935,0.4298642533936652,0.5167173252279635,0.45342126957955486,0.4846153846153846,0.6557377049180327
98990,79064,Daria Kasatkina,9.0,0.14285714285714285,0.638095238095238,0.22388059701492538,0.6930422919508867,0.5787401574803149,0.36444444444444446,0.5129604365620737,0.5436893203883495,0.5523809523809524,WTA,12 month,hard,9.0,0.2616822429906542,0.29906542056074764,0.6676557863501483,0.43333333333333335,0.6205357142857143,0.49554896142433236,0.5204081632653061,0.5233644859813084
99004,79078,Karolina Muchova,14.0,0.2702702702702703,0.13513513513513514,2.0,0.6998880179171333,0.6544,0.5373134328358209,0.6192609182530795,0.6265060240963856,0.7905405405405406,WTA,12 month,hard,14.0,0.3493150684931507,0.3561643835616438,0.6831683168316832,0.4231884057971015,0.5125,0.45148514851485144,0.38571428571428573,0.6301369863013698
99027,79100,Rebeka Masarova,11.0,0.47761194029850745,0.44029850746268656,1.0847457627118644,0.6228373702422145,0.7,0.44036697247706424,0.6020761245674741,0.5625,0.7388059701492538,WTA,12 month,hard,11.0,0.12686567164179105,0.23880597014925373,0.7105855855855856,0.32963549920760693,0.47859922178988323,0.37274774774774777,0.36585365853658536,0.7761194029850746
99057,79130,Viktoria Hruncakova,3.0,0.56,0.44,1.2727272727272727,0.7333333333333333,0.5454545454545454,0.38636363636363635,0.503030303030303,0.5,0.56,WTA,12 month,hard,3.0,0.28,0.32,0.7929292929292929,0.39490445859872614,0.6097560975609756,0.43939393939393945,0.34782608695652173,0.68
99089,79161,Anastasia Gasanova,4.0,0.0,0.5609756097560976,0.0,0.7612456747404844,0.5818181818181818,0.42028985507246375,0.5432525951557093,0.5714285714285714,0.6341463414634146,WTA,12 month,hard,4.0,0.325,0.375,0.6631944444444444,0.3612565445026178,0.6185567010309279,0.44791666666666663,0.42857142857142855,0.625
99144,79216,Angela Fita Boluda,1.0,0.0,2.0,0.0,0.6956521739130435,0.375,0.42857142857142855,0.391304347826087,0.5,-1.0,WTA,12 month,hard,1.0,0.5,0.0,1.0,0.0,,0.0,,1.0
99162,79234,Alice Rame,2.0,0.03125,0.15625,0.2,0.8152173913043478,0.6066666666666667,0.35294117647058826,0.5597826086956522,0.35714285714285715,0.71875,WTA,12 month,hard,2.0,0.0,0.1,0.8347457627118644,0.3908629441624365,0.5384615384615384,0.4152542372881356,0.36363636363636365,0.7333333333333333
99170,79242,Ena Shibahara,4.0,0.25,0.4166666666666667,0.6,0.6151315789473685,0.7058823529411765,0.47863247863247865,0.618421052631579,0.5,0.7291666666666666,WTA,12 month,hard,4.0,0.16326530612244897,0.3877551020408163,0.6091205211726385,0.3475935828877005,0.475,0.39739413680781754,0.4,0.7142857142857143
99225,214317,Mallaurie Noel,1.0,0.3,0.5,0.6,0.6164383561643836,0.5111111111111111,0.39285714285714285,0.4657534246575342,0.5714285714285714,0.4,WTA,12 month,hard,1.0,0.1,0.2,0.6206896551724138,0.33333333333333337,0.40909090909090906,0.3620689655172413,0.75,0.7
99294,79366,Xinyu Gao,1.0,0.13333333333333333,0.2,0.6666666666666666,0.711340206185567,0.6086956521739131,0.4642857142857143,0.5670103092783505,0.6153846153846154,0.6666666666666666,WTA,12 month,hard,1.0,0.3333333333333333,0.2,0.7459016393442623,0.4065934065934066,0.5483870967741935,0.4426229508196722,0.26666666666666666,0.7333333333333333
99296,79368,Anna Bondar,12.0,0.5447154471544715,0.21138211382113822,2.576923076923077,0.6313131313131313,0.684,0.5171232876712328,0.6224747474747475,0.5454545454545454,0.7560975609756098,WTA,12 month,hard,12.0,0.1951219512195122,0.17886178861788618,0.6610608020698577,0.35029354207436403,0.4694656488549618,0.3906856403622251,0.4626865671641791,0.7479674796747967
99326,214418,Vaidehi Chaudhari,1.0,0.0,0.42857142857142855,0.0,0.9230769230769231,0.4166666666666667,0.0,0.38461538461538464,0.5454545454545454,0.2857142857142857,WTA,12 month,hard,1.0,0.14285714285714285,0.0,0.9714285714285714,0.20588235294117652,0.0,0.19999999999999996,,1.0
99360,79432,Caroline Dolehide,5.0,0.14893617021276595,0.425531914893617,0.35,0.7672131147540984,0.594017094017094,0.5070422535211268,0.5737704918032787,0.6052631578947368,0.6808510638297872,WTA,12 month,hard,5.0,0.10204081632653061,0.3469387755102041,0.8041958041958042,0.4304347826086956,0.6964285714285714,0.4825174825174825,0.4864864864864865,0.6326530612244898
99367,79439,Lucia Bronzetti,6.0,0.2077922077922078,0.2077922077922078,1.0,0.7354014598540146,0.5558312655086849,0.4413793103448276,0.5255474452554745,0.5,0.5584415584415584,WTA,12 month,hard,6.0,0.07692307692307693,0.34615384615384615,0.7456647398843931,0.3979328165374677,0.6060606060606061,0.4508670520231214,0.45614035087719296,0.6666666666666666
99369,79441,Tamara Zidansek,12.0,0.10687022900763359,0.31297709923664124,0.34146341463414637,0.6816568047337278,0.6388888888888888,0.4349442379182156,0.5739644970414202,0.5232558139534884,0.6870229007633588,WTA,12 month,hard,12.0,0.24031007751937986,0.2558139534883721,0.6899038461538461,0.39372822299651566,0.5348837209302326,0.4375,0.5411764705882353,0.6434108527131783
99388,79460,Miriam Bianca Bulgaru,4.0,0.1,0.3,0.3333333333333333,0.625,0.5588235294117647,0.47058823529411764,0.5257352941176471,0.20833333333333334,0.525,WTA,12 month,hard,4.0,0.11627906976744186,0.37209302325581395,0.6414342629482072,0.3850931677018633,0.4666666666666667,0.4143426294820717,0.41379310344827586,0.7209302325581395
99452,133521,Aryna Sabalenka,12.0,0.44036697247706424,0.1559633027522936,2.823529411764706,0.684,0.6998050682261209,0.5358649789029536,0.648,0.6666666666666666,0.8532110091743119,WTA,12 month,hard,12.0,0.27586206896551724,0.3017241379310345,0.6234096692111959,0.42653061224489797,0.5945945945945945,0.48982188295165396,0.4380952380952381,0.603448275862069
99454,79526,Ekaterina Kazionova,2.0,0.05263157894736842,0.15789473684210525,0.3333333333333333,0.660377358490566,0.5285714285714286,0.4444444444444444,0.5,0.25,0.5263157894736842,WTA,12 month,hard,2.0,0.15789473684210525,0.2631578947368421,0.631578947368421,0.48809523809523814,0.6326530612244898,0.5413533834586466,0.47368421052631576,0.5263157894736842
99501,79573,Lucrezia Stefanini,11.0,0.029197080291970802,0.25547445255474455,0.11428571428571428,0.7659137577002053,0.5361930294906166,0.4517543859649123,0.5164271047227926,0.5597014925373134,0.5693430656934306,WTA,12 month,hard,11.0,0.08633093525179857,0.2302158273381295,0.6636771300448431,0.4543918918918919,0.5666666666666667,0.49215246636771304,0.5,0.5539568345323741
99551,79623,Liudmila Samsonova,10.0,0.23728813559322035,0.3898305084745763,0.6086956521739131,0.625,0.6351648351648351,0.5164835164835165,0.5906593406593407,0.5365853658536586,0.6779661016949152,WTA,12 month,hard,10.0,0.3076923076923077,0.27350427350427353,0.6675461741424802,0.383399209486166,0.5158730158730158,0.4274406332453826,0.4835164835164835,0.6239316239316239
99554,79626,Xiaodi You,4.0,0.2564102564102564,0.41025641025641024,0.625,0.6192660550458715,0.6518518518518519,0.4578313253012048,0.5779816513761468,0.5,0.6923076923076923,WTA,12 month,hard,4.0,0.08108108108108109,0.32432432432432434,0.652542372881356,0.3441558441558441,0.47560975609756095,0.38983050847457623,0.47619047619047616,0.7297297297297297
99592,79664,Katherine Sebov,5.0,0.06779661016949153,0.1694915254237288,0.4,0.7587131367292225,0.6183745583038869,0.4777777777777778,0.5844504021447721,0.7090909090909091,0.7288135593220338,WTA,12 month,hard,5.0,0.2413793103448276,0.3275862068965517,0.65,0.368421052631579,0.5714285714285714,0.43947368421052635,0.38,0.6724137931034483
99649,79721,Anastasia Kulikova,2.0,0.19047619047619047,0.19047619047619047,1.0,0.7583892617449665,0.6017699115044248,0.4166666666666667,0.5570469798657718,0.5294117647058824,0.6190476190476191,WTA,12 month,hard,2.0,0.18181818181818182,0.18181818181818182,0.6730769230769231,0.5238095238095238,0.5882352941176471,0.5448717948717949,0.4482758620689655,0.4090909090909091
99687,214779,Sara Daavettila,2.0,0.17647058823529413,0.23529411764705882,0.75,0.7551020408163265,0.6621621621621622,0.2916666666666667,0.5714285714285714,0.16666666666666666,0.7058823529411765,WTA,12 month,hard,2.0,0.4375,0.0625,0.6132075471698113,0.46153846153846156,0.5365853658536586,0.49056603773584906,0.6428571428571429,0.4375
99734,79806,Susan Bandecchi,2.0,0.23076923076923078,0.2692307692307692,0.8571428571428571,0.7152777777777778,0.6310679611650486,0.5853658536585366,0.6180555555555556,0.3076923076923077,0.6538461538461539,WTA,12 month,hard,2.0,0.2,0.32,0.6666666666666666,0.40384615384615385,0.4807692307692307,0.4294871794871795,0.43478260869565216,0.6
99780,214872,Mary Lewis,1.0,0.0,0.2222222222222222,0.0,0.7111111111111111,0.53125,0.3076923076923077,0.4666666666666667,0.2857142857142857,0.4444444444444444,WTA,12 month,hard,1.0,0.25,0.25,0.8055555555555556,0.3793103448275862,0.5714285714285714,0.41666666666666663,0.2,0.75
99814,79886,Claire Liu,6.0,0.37142857142857144,0.2857142857142857,1.3,0.7142857142857143,0.6434782608695652,0.38405797101449274,0.5693581780538303,0.5925925925925926,0.6857142857142857,WTA,12 month,hard,6.0,0.1780821917808219,0.273972602739726,0.7235421166306696,0.37014925373134333,0.609375,0.43628509719222464,0.42857142857142855,0.6301369863013698
99847,79919,Anna Kalinskaya,12.0,0.14173228346456693,0.2047244094488189,0.6923076923076923,0.6767554479418886,0.6046511627906976,0.5168539325842697,0.576271186440678,0.5684210526315789,0.6771653543307087,WTA,12 month,hard,12.0,0.29133858267716534,0.3937007874015748,0.6304093567251462,0.4025974025974026,0.5791139240506329,0.4678362573099415,0.5148514851485149,0.5905511811023622
99862,79934,Marketa Vondrousova,2.0,0.6451612903225806,0.41935483870967744,1.5384615384615385,0.6274509803921569,0.75,0.4473684210526316,0.6372549019607843,0.7391304347826086,0.8064516129032258,WTA,12 month,hard,2.0,0.13333333333333333,0.4666666666666667,0.576271186440678,0.36764705882352944,0.5,0.423728813559322,0.2571428571428571,0.7
99889,79961,Elena Rybakina,15.0,0.6918238993710691,0.1949685534591195,3.5483870967741935,0.5929892891918208,0.7553366174055829,0.5263157894736842,0.6621226874391432,0.6847826086956522,0.8176100628930818,WTA,12 month,hard,15.0,0.32727272727272727,0.28484848484848485,0.6222435282837967,0.312788906009245,0.5964467005076142,0.4199424736337488,0.5420560747663551,0.6484848484848484
99926,79998,Destanee Aiava,2.0,0.42857142857142855,0.17857142857142858,2.4,0.6265822784810127,0.6767676767676768,0.3559322033898305,0.5569620253164557,0.5,0.6428571428571429,WTA,12 month,hard,2.0,0.25,0.35714285714285715,0.576271186440678,0.303921568627451,0.5466666666666666,0.4067796610169492,0.3888888888888889,0.75
99928,80000,Anna Blinkova,5.0,0.06382978723404255,0.2978723404255319,0.21428571428571427,0.721875,0.5541125541125541,0.3595505617977528,0.5,0.46511627906976744,0.5106382978723404,WTA,12 month,hard,5.0,0.40425531914893614,0.23404255319148937,0.7133105802047781,0.3253588516746412,0.40476190476190477,0.3481228668941979,0.27586206896551724,0.8297872340425532
99943,80015,Dayana Yastremska,11.0,0.14953271028037382,0.45794392523364486,0.32653061224489793,0.6,0.5616438356164384,0.4589041095890411,0.5205479452054794,0.47959183673469385,0.5233644859813084,WTA,12 month,hard,11.0,0.25663716814159293,0.40707964601769914,0.6215384615384615,0.349009900990099,0.5121951219512195,0.4107692307692308,0.45714285714285713,0.7168141592920354
99945,80017,Kayla Day,5.0,0.44,0.22,2.0,0.7333333333333333,0.6318181818181818,0.4125,0.5733333333333334,0.627906976744186,0.68,WTA,12 month,hard,5.0,0.2653061224489796,0.2653061224489796,0.7252396166134185,0.44493392070484583,0.6046511627906976,0.48881789137380194,0.4375,0.5714285714285714
99950,80022,Katie Swan,1.0,0.3333333333333333,0.06666666666666667,5.0,0.6956521739130435,0.7083333333333334,0.5714285714285714,0.6666666666666666,0.5714285714285714,0.8,WTA,12 month,hard,1.0,0.14285714285714285,0.35714285714285715,0.5409836065573771,0.06060606060606055,0.5,0.2622950819672131,0.0,1.0
99970,80042,Carson Branstine,3.0,0.06896551724137931,0.3103448275862069,0.2222222222222222,0.6666666666666666,0.5384615384615384,0.4461538461538462,0.5076923076923077,0.4,0.4827586206896552,WTA,12 month,hard,3.0,0.0967741935483871,0.1935483870967742,0.6888888888888889,0.3306451612903226,0.4642857142857143,0.37222222222222223,0.4375,0.7741935483870968
99985,80057,Viktoria Morvayova,3.0,0.23529411764705882,0.4117647058823529,0.5714285714285714,0.6507352941176471,0.655367231638418,0.3684210526315789,0.5551470588235294,0.65,0.5882352941176471,WTA,12 month,hard,3.0,0.4166666666666667,0.2777777777777778,0.6265060240963856,0.3717948717948718,0.4946236559139785,0.41767068273092367,0.2857142857142857,0.7222222222222222
